table_name,row_count,last_analyzed,count_mode,error
2019_COMMITMENT,0,,EXACT,
AC_MAX,0,,EXACT,
ADAM,0,2025-11-10 22:00:03,EXACT,
ADAM_CEK,0,,EXACT,
ADAM_EXT,0,2025-11-10 22:00:03,EXACT,
BSI_FINAL_UPD_DPD,0,,EXACT,
BSI_SUPER_CIF_FINAL,0,,EXACT,
CEK_DPD_MEI23_JUN23_REV_RESULT,0,,EXACT,
CF,8,,EXACT,
CF_BAK_20260406_150902,8,2026-04-06 08:09:02,EXACT,
CF_BAK_20260406_151256,8,2026-04-06 08:12:57,EXACT,
CKPN_LBUS,0,,EXACT,
CKPN_PMA_2,0,,EXACT,
CKPN_PMA_BSI,0,,EXACT,
CKPN_PMA_IBSM,0,,EXACT,
CKPN_PMA_JFAST,0,,EXACT,
CKPN_TRX_BSI,0,,EXACT,
CURRENT_INITIAL_RATING_SB,57,2025-10-20 22:00:23,EXACT,
CURRENT_PD,0,,EXACT,
CURRENT_RATING,1769,,EXACT,
CURRENT_RATING_BAK_20260406_150903,1769,2026-04-06 08:09:03,EXACT,
CURRENT_RATING_BAK_20260406_151258,1769,2026-04-06 08:12:58,EXACT,
CURRENT_RATING_SB,44,,EXACT,
CURRENT_RATING_SB_BAK_20260406_150904,44,2026-04-06 08:09:04,EXACT,
CURRENT_RATING_SB_BAK_20260406_151258,44,2026-04-06 08:12:58,EXACT,
CUST_GRADE,0,,EXACT,
DIVISI_NULL,0,,EXACT,
DM_LIMIT,0,,EXACT,
EIR,0,,EXACT,
FORM12_APRIL_2020_HC,0,,EXACT,
FORM12_APRIL_HC,0,,EXACT,
FORM12_FEBRUARI_2020_HC,0,,EXACT,
FORM12_FEBRUARI_HC,0,,EXACT,
FORM12_JANUARI_HC,0,,EXACT,
FORM12_LSMK_BNIS_2006,0,,EXACT,
FORM12_LSMK_BNIS_2007,0,,EXACT,
FORM12_LSMK_BNIS_2008,0,,EXACT,
FORM12_LSMK_BNIS_2008_NEW,0,,EXACT,
FORM12_LSMK_BNIS_2009,0,,EXACT,
FORM12_LSMK_BNIS_2009_NEW,0,,EXACT,
FORM12_LSMK_BNIS_2010,0,,EXACT,
FORM12_LSMK_BNIS_2010_NEW,0,,EXACT,
FORM12_LSMK_BNIS_2011,0,,EXACT,
FORM12_LSMK_BNIS_2011_NEW,0,,EXACT,
FORM12_LSMK_BNIS_2012,0,,EXACT,
FORM12_LSMK_BNIS_2021_JAN,0,,EXACT,
FORM12_MARET,0,,EXACT,
FORM12_MARET_HC_2020,0,,EXACT,
FORM12_MEI_HC,0,,EXACT,
FORM12_SANDIRINCIANPIUTANGQARDH_RPT,0,,EXACT,
FORM12_SANDIRINCIANPIUTANGQARDH_RPT_DVC,0,,EXACT,
FRS_ARIMA_MODEL_PARAM,0,,EXACT,
GRIYA_OTO_NEW,0,,EXACT,
GTMP_CONDITIONS_STAGE,0,,EXACT,
GTMP_IFRS_LIFETIME_RULES_CONFIG,0,,EXACT,
GTMP_LOOP,0,,EXACT,
GTMP_PD_FLOWRATE_CONFIG,0,2025-12-04 22:00:08,EXACT,
GTMP_PD_FLOW_SUM_CONFIG,0,2025-12-04 22:00:08,EXACT,
GTMP_PD_FLOW_SUM_CONFIG_S_00000_0000,0,,EXACT,
GTMP_PD_ODR_CONFIG,0,,EXACT,
GTMP_PD_ODR_CONFIG_S_00000_0000,0,,EXACT,
GTMP_PD_RUNNING_CONFIG,0,2025-12-04 22:00:08,EXACT,
GTMP_PD_RUNNING_ENR_SUM,0,2025-12-04 22:00:08,EXACT,
GTMP_PD_RUNNING_ENR_SUM_S_00000_0000,0,,EXACT,
GTMP_PD_SMOOTH_CONFIG,7,,EXACT,
GTMP_PD_SMOOTH_CONFIG_BAK_20260406_150908,7,2026-04-06 08:09:08,EXACT,
GTMP_PD_SMOOTH_CONFIG_S_00000_0000,0,,EXACT,
GTMP_PD_ZSCORE_CONFIG,1,,EXACT,
GTMP_PD_ZSCORE_CONFIG_BAK_20260406_150909,1,2026-04-06 08:09:09,EXACT,
GTMP_TERM_STRUCTURE,0,,EXACT,
HASANAHCARDLBUT,0,,EXACT,
HASIL,0,,EXACT,
HASSANAH_CARD,0,,EXACT,
HC0221,0,,EXACT,
HC0321,0,,EXACT,
HC0421,0,,EXACT,
HC0423,0,,EXACT,
HC0521,0,,EXACT,
HC0523,0,,EXACT,
HC0621,0,,EXACT,
HC0623,0,,EXACT,
HC0721,0,,EXACT,
HC0723,0,,EXACT,
HC0821,0,,EXACT,
HC0823,0,,EXACT,
HC0921,0,,EXACT,
IFRS_1MEVLM_RESULT_DTL,0,,EXACT,
IFRS_ACCT_AMORT_RESTRU,0,,EXACT,
IFRS_ACCT_CLOSED,1783,,EXACT,
IFRS_ACCT_CLOSED_BAK_20260406_150915,1783,2026-04-06 08:09:15,EXACT,
IFRS_ACCT_COST_FEE,50014,,EXACT,
IFRS_ACCT_COST_FEE_BAK_20260406_150916,50014,2026-04-06 08:09:16,EXACT,
IFRS_ACCT_COST_FEE_SUMM,50014,,EXACT,
IFRS_ACCT_COST_FEE_SUMM_BAK_20260406_150916,50014,2026-04-06 08:09:16,EXACT,
IFRS_ACCT_EIR_ACCRU_PREV,0,,EXACT,
IFRS_ACCT_EIR_ACF,0,,EXACT,
IFRS_ACCT_EIR_CF_ECF,0,,EXACT,
IFRS_ACCT_EIR_CF_ECF1,0,,EXACT,
IFRS_ACCT_EIR_COST_FEE_ECF,0,,EXACT,
IFRS_ACCT_EIR_COST_FEE_PREV,9,,EXACT,
IFRS_ACCT_EIR_COST_FEE_PREV_BAK_20260406_150917,9,2026-04-06 08:09:17,EXACT,
IFRS_ACCT_EIR_ECF,0,,EXACT,
IFRS_ACCT_EIR_ECF1,0,,EXACT,
IFRS_ACCT_EIR_ECF2,0,,EXACT,
IFRS_ACCT_EIR_ECF_NOCF,215,,EXACT,
IFRS_ACCT_EIR_ECF_NOCF_BAK_20260406_150918,215,2026-04-06 08:09:18,EXACT,
IFRS_ACCT_EIR_ECF_T2,0,,EXACT,
IFRS_ACCT_EIR_FAILED_GS,0,,EXACT,
IFRS_ACCT_EIR_FAILED_GS3,0,,EXACT,
IFRS_ACCT_EIR_FAILED_GS4,1,,EXACT,
IFRS_ACCT_EIR_FAILED_GS4_BAK_20260406_150918,1,2026-04-06 08:09:18,EXACT,
IFRS_ACCT_EIR_GAIN_LOSS,0,,EXACT,
IFRS_ACCT_EIR_GS_RESULT,9,,EXACT,
IFRS_ACCT_EIR_GS_RESULT3,0,,EXACT,
IFRS_ACCT_EIR_GS_RESULT4,8,,EXACT,
IFRS_ACCT_EIR_GS_RESULT4_BAK_20260406_150919,8,2026-04-06 08:09:19,EXACT,
IFRS_ACCT_EIR_GS_RESULT_BAK_20260406_150919,9,2026-04-06 08:09:19,EXACT,
IFRS_ACCT_EIR_PAYM,0,,EXACT,
IFRS_ACCT_EIR_PAYM_GS,249,,EXACT,
IFRS_ACCT_EIR_PAYM_GS_BAK_20260406_150919,249,2026-04-06 08:09:19,EXACT,
IFRS_ACCT_EIR_PAYM_GS_DATE,9,,EXACT,
IFRS_ACCT_EIR_PAYM_GS_DATE_BAK_20260406_150920,9,2026-04-06 08:09:20,EXACT,
IFRS_ACCT_EIR_STOP_REV,0,,EXACT,
IFRS_ACCT_JOURNAL_DATA,36,,EXACT,
IFRS_ACCT_JOURNAL_DATA_BAK_20260406_150920,36,2026-04-06 08:09:20,EXACT,
IFRS_ACCT_JOURNAL_INTM,0,,EXACT,
IFRS_ACCT_JOURNAL_INTM_SUMM,28,,EXACT,
IFRS_ACCT_JOURNAL_INTM_SUMM_BAK_20260406_150920,28,2026-04-06 08:09:20,EXACT,
IFRS_ACCT_NOCF,2,,EXACT,
IFRS_ACCT_NOCF_BAK_20260406_150921,2,2026-04-06 08:09:21,EXACT,
IFRS_ACCT_SL_ACCRU_PREV,0,,EXACT,
IFRS_ACCT_SL_ACF,0,,EXACT,
IFRS_ACCT_SL_CF_ECF,0,,EXACT,
IFRS_ACCT_SL_COST_FEE_ECF,0,,EXACT,
IFRS_ACCT_SL_COST_FEE_PREV,0,,EXACT,
IFRS_ACCT_SL_ECF,0,,EXACT,
IFRS_ACCT_SL_ECF1,0,,EXACT,
IFRS_ACCT_SL_ECF2,3,,EXACT,
IFRS_ACCT_SL_ECF2_BAK_20260406_150922,3,2026-04-06 08:09:22,EXACT,
IFRS_ACCT_SL_ECF_STOPPED,1,,EXACT,
IFRS_ACCT_SL_ECF_STOPPED_BAK_20260406_150922,1,2026-04-06 08:09:22,EXACT,
IFRS_ACCT_SL_STOP_REV,0,,EXACT,
IFRS_ACCT_SWITCH,0,,EXACT,
IFRS_ACF_SL_MSTR,0,,EXACT,
IFRS_ACF_SL_MSTR_REV,0,,EXACT,
IFRS_ACT_ECF_TMP,0,,EXACT,
IFRS_AC_BM_CLASS,0,,EXACT,
IFRS_AC_BM_CLASS_HIST,0,,EXACT,
IFRS_AC_BM_DETAIL,0,,EXACT,
IFRS_AC_BM_DETAIL_HIST,0,,EXACT,
IFRS_AC_BM_DETAIL_PENDING,0,,EXACT,
IFRS_AC_BM_HEADER,0,,EXACT,
IFRS_AC_BM_HEADER_HIST,0,,EXACT,
IFRS_AC_BM_HEADER_PENDING,0,,EXACT,
IFRS_AC_BM_MASTER_QUEST_D,0,,EXACT,
IFRS_AC_BM_QUEST,0,,EXACT,
IFRS_AC_MAIN_MAPPING,0,,EXACT,
IFRS_AC_MAPPING,0,,EXACT,
IFRS_AC_OVERRIDE,0,,EXACT,
IFRS_AC_OVERRIDE_DETAIL,0,,EXACT,
IFRS_AC_OVERRIDE_D_HIST,0,,EXACT,
IFRS_AC_OVERRIDE_D_PEND,0,,EXACT,
IFRS_AC_OVERRIDE_HIST,0,,EXACT,
IFRS_AC_OVERRIDE_PEND,0,,EXACT,
IFRS_AC_PRODUCT_CLASS,0,,EXACT,
IFRS_AC_RESULT,0,,EXACT,
IFRS_AC_RESULT_HIST,0,,EXACT,
IFRS_AC_RESULT_PEND,0,,EXACT,
IFRS_AC_SPPI_DETAIL,0,,EXACT,
IFRS_AC_SPPI_DETAIL_HIST,0,,EXACT,
IFRS_AC_SPPI_DETAIL_PENDING,0,,EXACT,
IFRS_AC_SPPI_HEADER,0,,EXACT,
IFRS_AC_SPPI_HEADER_HIST,0,,EXACT,
IFRS_AC_SPPI_HEADER_PENDING,0,,EXACT,
IFRS_AC_SPPI_PRODUCT,0,,EXACT,
IFRS_AC_SPPI_PRODUCT_HIST,0,,EXACT,
IFRS_AC_SPPI_QUESTIONS,0,,EXACT,
IFRS_AC_SPPI_SECTION,0,,EXACT,
IFRS_AC_SYNC_LIST_VALUE,535,,EXACT,
IFRS_AC_SYNC_LIST_VALUE_BAK_20260406_150915,535,2026-04-06 08:09:15,EXACT,
IFRS_AMORT_LOG,169061,,EXACT,
IFRS_AMORT_LOG_BAK_20260406_150923,169061,2026-04-06 08:09:23,EXACT,
IFRS_ARCHIVE_COLS,0,,EXACT,
IFRS_ARCHIVE_LOG,0,,EXACT,
IFRS_ARCHIVE_MASTER,0,,EXACT,
IFRS_ARCHIVING_LOGS,0,,EXACT,
IFRS_ASSET_CLASSIFICATION_CORP,0,,EXACT,
IFRS_ASSET_CLASS_HEADER,0,,EXACT,
IFRS_BACKTEST_INS_BUCKET_AVG,0,,EXACT,
IFRS_BACKTEST_INS_BUCKET_DTL,0,,EXACT,
IFRS_BACKTEST_INS_BUCKET_SUMM,0,,EXACT,
IFRS_BACKTEST_INS_DTL,0,,EXACT,
IFRS_BACKTEST_INS_ME_DTL,0,,EXACT,
IFRS_BACKTEST_INS_PF_DTL,0,,EXACT,
IFRS_BACKTEST_INS_SUMM,0,,EXACT,
IFRS_BACKTEST_IN_SAMPLE,0,,EXACT,
IFRS_BACKTEST_ODR_RESULT,0,,EXACT,
IFRS_BACKTEST_ODR_RESULT_HIST,0,,EXACT,
IFRS_BACKTEST_OOS_BUCKET_AVG,0,,EXACT,
IFRS_BACKTEST_OOS_BUCKET_DTL,0,,EXACT,
IFRS_BACKTEST_OOS_BUCKET_SUMM,0,,EXACT,
IFRS_BACKTEST_OOS_BUCK_STA,0,,EXACT,
IFRS_BACKTEST_OOS_DTL,0,,EXACT,
IFRS_BACKTEST_OOS_ME_DTL,0,,EXACT,
IFRS_BACKTEST_OOS_PF_DTL,0,,EXACT,
IFRS_BACKTEST_OOS_SUMM,0,,EXACT,
IFRS_BACKTEST_OUT_SAMPLE,0,,EXACT,
IFRS_BATCH_LOG_DETAILS,0,,EXACT,
IFRS_BTPN_MAPPING_SANDI,0,,EXACT,
IFRS_BUCKET_DETAIL,0,,EXACT,
IFRS_BUCKET_DETAIL_OLD,194,,EXACT,
IFRS_BUCKET_DETAIL_OLD_BAK_20260406_150927,194,2026-04-06 08:09:27,EXACT,
IFRS_BUCKET_HEADER,11,,EXACT,
IFRS_BUCKET_HEADER_BAK_20260406_150927,11,2026-04-06 08:09:27,EXACT,
IFRS_CCF_OVERRIDE,0,,EXACT,
IFRS_CCF_RULES_CONFIG,0,,EXACT,
IFRS_CCF_SCENARIO_DATA,10188,,EXACT,
IFRS_CCF_SCENARIO_DATA_BAK_20260406_150928,10188,2026-04-06 08:09:28,EXACT,
IFRS_CCF_SCENARIO_DATA_SUMM,6567,,EXACT,
IFRS_CCF_SCENARIO_DATA_SUMM_BAK_20260406_150928,6567,2026-04-06 08:09:28,EXACT,
IFRS_CFID_JOURNAL_INTM_SUMM,14,,EXACT,
IFRS_CFID_JOURNAL_INTM_SUMM_BAK_20260406_150928,14,2026-04-06 08:09:28,EXACT,
IFRS_CHECK_AMORT,0,,EXACT,
IFRS_CHECK_AMORT_ALL,0,,EXACT,
IFRS_CHECK_AMORT_NOCF,0,,EXACT,
IFRS_COLL_PRORATE,0,,EXACT,
IFRS_CREDITLINE_JENIUS,2958663,,EXACT,
IFRS_CREDITLINE_JENIUS_BAK_20260406_150930,2958663,2026-04-06 08:09:33,EXACT,
IFRS_CUSTOMER_GRADING_CORP,1769,,EXACT,
IFRS_CUSTOMER_GRADING_CORP_BAK_20260406_150936,1769,2026-04-06 08:09:36,EXACT,
IFRS_DECISION_LOGS,0,,EXACT,
IFRS_DEFAULT,1911526,,EXACT,
IFRS_DEFAULT_BAK_20260406_150940,1911526,2026-04-06 08:09:47,EXACT,
IFRS_DEFAULT_CRITERIA,0,,EXACT,
IFRS_DEFAULT_CRITERIA_BAK_20260406_150951,8,2026-04-06 08:09:51,EXACT,
IFRS_DEFAULT_NOLAG,37,,EXACT,
IFRS_DEFAULT_NOLAG_BAK_20260406_150952,37,2026-04-06 08:09:52,EXACT,
IFRS_DEFAULT_NOLAG_OLD,37,,EXACT,
IFRS_DEFAULT_NOLAG_OLD_BAK_20260406_150952,37,2026-04-06 08:09:52,EXACT,
IFRS_DEFAULT_OLD,248,,EXACT,
IFRS_DEFAULT_OLD_BAK_20260406_150952,248,2026-04-06 08:09:52,EXACT,
IFRS_DIM_GEOGRAPHICAL_SECTORS,0,,EXACT,
IFRS_DIM_INDUSTRY_SECTORS,0,,EXACT,
IFRS_DIM_SMBC_CLASS,0,,EXACT,
IFRS_EAD_CCF_DETAIL,0,,EXACT,
IFRS_EAD_CCF_DETAIL_CIF,47,,EXACT,
IFRS_EAD_CCF_DETAIL_CIF_BAK_20260406_150953,47,2026-04-06 08:09:53,EXACT,
IFRS_EAD_CCF_DETAIL_FACILITY,0,,EXACT,
IFRS_EAD_CCF_HEADER,7,,EXACT,
IFRS_EAD_CCF_HEADER_BAK_20260406_150953,7,2026-04-06 08:09:53,EXACT,
IFRS_EAD_RESULT,0,,EXACT,
IFRS_EAD_RESULT_MONTHLY,0,,EXACT,
IFRS_EAD_RESULT_NEW,0,,EXACT,
IFRS_EAD_RESULT_NONPRK,48,,EXACT,
IFRS_EAD_RESULT_NONPRK_BAK_20260406_150954,48,2026-04-06 08:09:54,EXACT,
IFRS_EAD_RESULT_NON_MODEL_203,0,,EXACT,
IFRS_EAD_RESULT_PRK,137,,EXACT,
IFRS_EAD_RESULT_PRK_BAK_20260406_150954,137,2026-04-06 08:09:54,EXACT,
IFRS_EAD_RESULT_PRK_MONTHLY,0,,EXACT,
IFRS_EAD_RULES_CONFIG,13,,EXACT,
IFRS_EAD_RULES_CONFIG_BAK_20260406_150955,13,2026-04-06 08:09:55,EXACT,
IFRS_EAD_TERM_MONTHLY,9,,EXACT,
IFRS_EAD_TERM_MONTHLY_BAK_20260406_150955,9,2026-04-06 08:09:55,EXACT,
IFRS_EAD_TERM_YEARLY,224,,EXACT,
IFRS_EAD_TERM_YEARLY_BAK_20260406_150955,224,2026-04-06 08:09:55,EXACT,
IFRS_EAD_TERM_YEARLY_CC,0,,EXACT,
IFRS_EIL_EXCLUSION,191853,,EXACT,
IFRS_EIL_EXCLUSION_BAK_20260406_150956,191853,2026-04-06 08:09:56,EXACT,
IFRS_EIL_IMA,0,,EXACT,
IFRS_EIL_INDIVIDUAL,4671,,EXACT,
IFRS_EIL_INDIVIDUAL_BAK_20260406_150958,4671,2026-04-06 08:09:58,EXACT,
IFRS_EIL_MODEL,0,,EXACT,
IFRS_EIL_MODEL_CONFIG_HIST,144,,EXACT,
IFRS_EIL_MODEL_CONFIG_HIST_BAK_20260406_150958,144,2026-04-06 08:09:58,EXACT,
IFRS_EIL_MODEL_DETAIL_EAD,64,,EXACT,
IFRS_EIL_MODEL_DETAIL_EAD_BAK_20260406_150958,64,2026-04-06 08:09:58,EXACT,
IFRS_EIL_MODEL_DETAIL_EAD_HIST,0,,EXACT,
IFRS_EIL_MODEL_DETAIL_EAD_PEND,0,,EXACT,
IFRS_EIL_MODEL_DETAIL_LGD,64,,EXACT,
IFRS_EIL_MODEL_DETAIL_LGD_BAK_20260406_150959,64,2026-04-06 08:09:59,EXACT,
IFRS_EIL_MODEL_DETAIL_LGD_HIST,0,,EXACT,
IFRS_EIL_MODEL_DETAIL_LGD_PEND,0,,EXACT,
IFRS_EIL_MODEL_DETAIL_PD,64,,EXACT,
IFRS_EIL_MODEL_DETAIL_PD_BAK_20260406_150959,64,2026-04-06 08:09:59,EXACT,
IFRS_EIL_MODEL_DETAIL_PD_HIST,0,,EXACT,
IFRS_EIL_MODEL_DETAIL_PD_PEND,0,,EXACT,
IFRS_EIL_MODEL_DETAIL_PF,64,,EXACT,
IFRS_EIL_MODEL_DETAIL_PF_BAK_20260406_151000,64,2026-04-06 08:10:00,EXACT,
IFRS_EIL_MODEL_DETAIL_PF_HIST,0,,EXACT,
IFRS_EIL_MODEL_DETAIL_PF_PEND,0,,EXACT,
IFRS_EIL_MODEL_HEADER,1,,EXACT,
IFRS_EIL_MODEL_HEADER_BAK_20260406_151000,1,2026-04-06 08:10:00,EXACT,
IFRS_EIL_MODEL_HEADER_HIST,0,,EXACT,
IFRS_EIL_MODEL_HEADER_PENDING,0,,EXACT,
IFRS_EIL_MODEL_NON_MODEL_203,0,,EXACT,
IFRS_EIL_RESULT_DETAIL,230,,EXACT,
IFRS_EIL_RESULT_DETAILX,0,,EXACT,
IFRS_EIL_RESULT_DETAIL_20260330_7TH,0,,EXACT,
IFRS_EIL_RESULT_DETAIL_BAK_20260406_151001,230,2026-04-06 08:10:01,EXACT,
IFRS_EIL_RESULT_HEADER,41,,EXACT,
IFRS_EIL_RESULT_HEADER2,0,,EXACT,
IFRS_EIL_RESULT_HEADERX,0,,EXACT,
IFRS_EIL_RESULT_HEADER_20260327_6TH,0,,EXACT,
IFRS_EIL_RESULT_HEADER_20260330_7TH,0,,EXACT,
IFRS_EIL_RESULT_HEADER_BAK_20260406_151002,41,2026-04-06 08:10:02,EXACT,
IFRS_EIR_ADJUSTMENT,0,,EXACT,
IFRS_ETL_LOGS_PROCESS,0,,EXACT,
IFRS_EVENT_CHANGES,50011,,EXACT,
IFRS_EVENT_CHANGES_BAK_20260406_151003,50011,2026-04-06 08:10:03,EXACT,
IFRS_EVENT_CHANGES_DETAILS,0,,EXACT,
IFRS_EXCEPTION_ACCOUNT,96185,,EXACT,
IFRS_EXCEPTION_ACCOUNT_BAK_20260406_151004,96185,2026-04-06 08:10:04,EXACT,
IFRS_EXCEPTION_DETAILS,0,,EXACT,
IFRS_EXCLUDE_JENIUS,0,,EXACT,
IFRS_FACILITY_REPORT_RECON,0,,EXACT,
IFRS_FACILITY_SELLDOWN_FLAG,0,,EXACT,
IFRS_FL_MODEL_DATA,0,,EXACT,
IFRS_FL_MODEL_DATA2,0,,EXACT,
IFRS_FL_MODEL_RESULT,0,,EXACT,
IFRS_FL_ODR,0,,EXACT,
IFRS_FL_SCALAR_CONFIG,0,,EXACT,
IFRS_GL_OUTBOUND,60,,EXACT,
IFRS_GL_OUTBOUND_BAK_20260406_151005,60,2026-04-06 08:10:05,EXACT,
IFRS_GS_DATE1,1,,EXACT,
IFRS_GS_DATE1_BAK_20260406_151006,1,2026-04-06 08:10:06,EXACT,
IFRS_GS_DATE2,0,,EXACT,
IFRS_GS_MASTERID,0,,EXACT,
IFRS_HOLIDAY,0,,EXACT,
IFRS_HOLIDAY_OVERRIDE,0,,EXACT,
IFRS_IAP_LIST,0,,EXACT,
IFRS_IAP_LIST_HIST,0,,EXACT,
IFRS_IAP_LIST_PENDING,0,,EXACT,
IFRS_IAP_LIST_SCENARIO,0,,EXACT,
IFRS_IAP_LIST_SCENARIO_HIST,0,,EXACT,
IFRS_IAP_LIST_SCENARIO_PENDING,0,2025-10-20 22:00:12,EXACT,
IFRS_IAP_PARAM,0,2025-10-20 22:00:12,EXACT,
IFRS_IAP_PARAM_SCENARIO,0,2025-10-20 22:00:12,EXACT,
IFRS_IMA_AMORT_CURR,0,2025-10-20 22:00:12,EXACT,
IFRS_IMA_AMORT_PREV,0,2025-10-20 22:00:12,EXACT,
IFRS_IMA_IMP_CURR,5,,EXACT,
IFRS_IMA_IMP_CURR_BAK_20260406_151007,5,2026-04-06 08:10:07,EXACT,
IFRS_IMA_IMP_PREV,0,,EXACT,
IFRS_IMA_LIMIT,0,,EXACT,
IFRS_IMPC_BUCKET_PARAM,0,,EXACT,
IFRS_IMP_AVG_EIR,2884,,EXACT,
IFRS_IMP_AVG_EIR_BAK_20260406_151008,2884,2026-04-06 08:10:08,EXACT,
IFRS_IMP_DEFAULT_RATE,723,,EXACT,
IFRS_IMP_DEFAULT_RATE_BAK_20260406_151008,723,2026-04-06 08:10:08,EXACT,
IFRS_IMP_DEFAULT_RATE_NOLAG,4,,EXACT,
IFRS_IMP_DEFAULT_RATE_NOLAG_BAK_20260406_151008,4,2026-04-06 08:10:09,EXACT,
IFRS_IMP_DEFAULT_STATUS,31278,,EXACT,
IFRS_IMP_DEFAULT_STATUS_BAK_20260406_151009,31278,2026-04-06 08:10:09,EXACT,
IFRS_IMP_IA_MASTER,235,,EXACT,
IFRS_IMP_IA_MASTER_BAK_20260406_151009,235,2026-04-06 08:10:09,EXACT,
IFRS_IMP_IA_MASTER_HIST,26608,,EXACT,
IFRS_IMP_IA_MASTER_HIST_BAK_20260406_151009,26606,2026-04-06 08:10:10,EXACT,
IFRS_IMP_IA_MASTER_PEND,535,,EXACT,
IFRS_IMP_IA_MASTER_PEND_BAK_20260406_151010,534,2026-04-06 08:10:10,EXACT,
IFRS_IMP_IA_SCENARIO_DATA,77750,,EXACT,
IFRS_IMP_IA_SCENARIO_DATA_BAK_20260406_151010,77750,2026-04-06 08:10:11,EXACT,
IFRS_IMP_IMPAIRFLAG_TEMP,0,,EXACT,
IFRS_IMP_JOURNAL_DATA,20,,EXACT,
IFRS_IMP_JOURNAL_DATA_BAK_20260406_151011,20,2026-04-06 08:10:11,EXACT,
IFRS_IMP_JOURNAL_DATA_S_00000_0000,20,,EXACT,
IFRS_IMP_JOURNAL_DATA_S_00000_0000_BAK_20260406_151012,20,2026-04-06 08:10:12,EXACT,
IFRS_IMP_MAIN_DASHBOARD,47,,EXACT,
IFRS_IMP_MAIN_DASHBOARD_BAK_20260406_151012,47,2026-04-06 08:10:12,EXACT,
IFRS_IMP_OVERRIDE,0,,EXACT,
IFRS_IMP_OVERRIDETRIGGERD,0,,EXACT,
IFRS_IMP_OVERRIDETRIGGERD_HIST,0,,EXACT,
IFRS_IMP_OVERRIDETRIGGERD_PEND,0,,EXACT,
IFRS_IMP_OVERRIDETRIGGERH,0,,EXACT,
IFRS_IMP_OVERRIDETRIGGERH_HIST,0,,EXACT,
IFRS_IMP_OVERRIDETRIGGERH_PEND,0,,EXACT,
IFRS_IMP_OVERRIDE_COLLATERAL,0,,EXACT,
IFRS_IMP_OVERRIDE_COLLATERAL_HIST,0,,EXACT,
IFRS_IMP_OVERRIDE_COLLATERAL_PEND,0,,EXACT,
IFRS_IMP_OVERRIDE_COLLATERAL_TEMP,0,,EXACT,
IFRS_IMP_OVERRIDE_DETAIL_TEMP,0,,EXACT,
IFRS_IMP_OVERRIDE_HISTORY,0,,EXACT,
IFRS_IMP_OVERRIDE_MASTER,0,,EXACT,
IFRS_IMP_OVERRIDE_MASTER_HIST,0,,EXACT,
IFRS_IMP_OVERRIDE_MASTER_PEND,0,,EXACT,
IFRS_IMP_OVERRIDE_PENDING,0,,EXACT,
IFRS_IMP_PD_FL_TERM_STRUCTURE,92700,,EXACT,
IFRS_IMP_PD_FL_TERM_STRUCTURE_BAK_20260406_151015,92700,2026-04-06 08:10:15,EXACT,
IFRS_IMP_PD_FL_TERM_YEARLY,7725,2026-01-01 22:00:19,EXACT,
IFRS_INDEPENDENT_VARIABLE,0,,EXACT,
IFRS_INITIAL_PAYM_SCHD,0,,EXACT,
IFRS_INIT_PD_MASTERSCALE_CORP,1467,,EXACT,
IFRS_INIT_PD_MASTERSCALE_CORP_BAK_20260406_151016,1467,2026-04-06 08:10:16,EXACT,
IFRS_JF_PORTION_PARAM,0,,EXACT,
IFRS_JOURNAL_DATA_OUTPUT,0,,EXACT,
IFRS_JOURNAL_PARAM,436,,EXACT,
IFRS_JOURNAL_PARAM_BAK_20260406_151016,436,2026-04-06 08:10:16,EXACT,
IFRS_JUDGEMENT_RATING_TREASURY,0,,EXACT,
IFRS_LBM_ACCT_EIR_ACCRU_PREV,0,,EXACT,
IFRS_LBM_ACCT_EIR_ACF,0,2025-10-20 22:00:13,EXACT,
IFRS_LBM_ACCT_EIR_CF_ECF,0,2025-10-20 22:00:13,EXACT,
IFRS_LBM_ACCT_EIR_CF_ECF1,0,2025-10-20 22:00:13,EXACT,
IFRS_LBM_ACCT_EIR_COST_FEE_ECF,0,,EXACT,
IFRS_LBM_ACCT_EIR_COST_FEE_PREV,0,2025-10-20 22:00:13,EXACT,
IFRS_LBM_ACCT_EIR_ECF,0,2025-10-20 22:00:13,EXACT,
IFRS_LBM_ACCT_EIR_ECF1,0,2025-10-20 22:00:13,EXACT,
IFRS_LBM_ACCT_EIR_ECF2,0,2025-10-20 22:00:14,EXACT,
IFRS_LBM_ACCT_EIR_ECF_NOCF,0,,EXACT,
IFRS_LBM_ACCT_EIR_ECF_T2,0,,EXACT,
IFRS_LBM_ACCT_EIR_FAILED_GS,0,,EXACT,
IFRS_LBM_ACCT_EIR_FAILED_GS3,0,,EXACT,
IFRS_LBM_ACCT_EIR_FAILED_GS4,0,,EXACT,
IFRS_LBM_ACCT_EIR_GAIN_LOSS,0,,EXACT,
IFRS_LBM_ACCT_EIR_GS_RESULT,0,,EXACT,
IFRS_LBM_ACCT_EIR_GS_RESULT3,0,,EXACT,
IFRS_LBM_ACCT_EIR_GS_RESULT4,0,2025-10-20 22:00:14,EXACT,
IFRS_LBM_ACCT_EIR_PAYM,0,2025-10-20 22:00:14,EXACT,
IFRS_LBM_ACCT_EIR_PAYM_GS,0,2025-10-20 22:00:14,EXACT,
IFRS_LBM_ACCT_EIR_PAYM_GS_DATE,0,2025-10-20 22:00:14,EXACT,
IFRS_LBM_ACCT_EIR_STOP_REV,0,2025-10-20 22:00:14,EXACT,
IFRS_LBM_ACCT_NOCF,0,2025-10-20 22:00:14,EXACT,
IFRS_LBM_ACCT_SWITCH,0,2025-10-20 22:00:14,EXACT,
IFRS_LBM_EVENT_CHANGES,0,2025-10-20 22:00:14,EXACT,
IFRS_LBM_GS_DATE1,0,2025-10-20 22:00:14,EXACT,
IFRS_LBM_GS_DATE2,0,2025-10-20 22:00:14,EXACT,
IFRS_LBM_GS_MASTERID,0,2025-10-20 22:00:14,EXACT,
IFRS_LBM_LOAN_REPORT_RECON,0,2025-10-20 22:00:14,EXACT,
IFRS_LBM_PAYM_CORE,0,2025-10-20 22:00:14,EXACT,
IFRS_LBM_PAYM_CORE_SRC,0,2025-10-20 22:00:14,EXACT,
IFRS_LBM_REPORT_RECON,0,2025-10-20 22:00:14,EXACT,
IFRS_LBM_STAFF_BENEFIT_SUMM,0,2025-10-20 22:00:14,EXACT,
IFRS_LGD_BUYBACK,13213,2025-10-20 22:00:28,EXACT,
IFRS_LGD_CURE_LGL_DETAIL,202699,2026-01-01 22:00:25,EXACT,
IFRS_LGD_CURE_LGL_HEADER,2039,2026-01-01 22:00:19,EXACT,
IFRS_LGD_DATA,0,2025-10-20 22:00:14,EXACT,
IFRS_LGD_DATA2,0,,EXACT,
IFRS_LGD_DATA_S_00000_0000,0,,EXACT,
IFRS_LGD_ER_DETAIL,68,2026-01-01 22:00:18,EXACT,
IFRS_LGD_ER_HEADER,3,2026-01-01 22:00:18,EXACT,
IFRS_LGD_ER_SCENARIO_DATA,2,2026-01-01 22:00:18,EXACT,
IFRS_LGD_FL_OVERRIDE,1798,2026-04-03 22:00:13,EXACT,
IFRS_LGD_LGW_DETAIL,0,,EXACT,
IFRS_LGD_LGW_HEADER,0,,EXACT,
IFRS_LGD_POW_DETAIL,0,,EXACT,
IFRS_LGD_POW_HEADER,0,,EXACT,
IFRS_LGD_REC_DATA,0,,EXACT,
IFRS_LGD_REC_DATA2,0,,EXACT,
IFRS_LGD_REC_DETAIL,0,2025-10-20 22:00:14,EXACT,
IFRS_LGD_REC_UR_DETAIL,0,,EXACT,
IFRS_LGD_REC_UR_DETAIL2,0,,EXACT,
IFRS_LGD_REC_WO_DETAIL,0,2025-10-20 22:00:14,EXACT,
IFRS_LGD_RESULT,0,,EXACT,
IFRS_LGD_RULES_CONFIG,41,2026-01-07 22:00:09,EXACT,
IFRS_LGD_RULES_CONFIG_S_00000_0000,41,2026-01-06 03:40:14,EXACT,
IFRS_LGD_RULE_DATA,0,,EXACT,
IFRS_LGD_RULE_DATA_S_00000_0000,0,,EXACT,
IFRS_LGD_SCENARIO_DATA,16805,2026-01-01 22:00:20,EXACT,
IFRS_LGD_TERM_STRUCTURE,2317,2026-01-01 22:00:19,EXACT,
IFRS_LGD_UR_DETAIL,0,,EXACT,
IFRS_LGD_UR_DETAIL2,0,,EXACT,
IFRS_LGD_UR_DETAIL_S_00000_0000,0,,EXACT,
IFRS_LGD_UR_HEADER,0,,EXACT,
IFRS_LGD_UR_HEADER2,0,,EXACT,
IFRS_LGD_UR_REC_DETAIL,0,,EXACT,
IFRS_LGD_UR_REC_DETAIL2,0,,EXACT,
IFRS_LGD_WORKOUT_DETAIL,0,,EXACT,
IFRS_LGD_WORKOUT_DETAIL2,0,,EXACT,
IFRS_LGD_WORKOUT_HEADER,0,,EXACT,
IFRS_LGD_WORKOUT_HEADER2,0,,EXACT,
IFRS_LGD_WORKOUT_RULES_CONFIG,0,,EXACT,
IFRS_LIFETIME_DATA,0,2026-01-12 22:00:08,EXACT,
IFRS_LIFETIME_DETAIL,0,2026-01-12 22:00:08,EXACT,
IFRS_LIFETIME_HEADER,0,2026-01-12 22:00:08,EXACT,
IFRS_LIFETIME_HEADER_S_00000_0000,0,,EXACT,
IFRS_LIFETIME_OVERRIDE,1,,EXACT,
IFRS_LIFETIME_OVERRIDE_BAK_20260406_151028,1,2026-04-06 08:10:28,EXACT,
IFRS_LIFETIME_RULES_CONFIG,1,,EXACT,
IFRS_LIFETIME_RULES_CONFIG_BAK_20260406_151028,1,2026-04-06 08:10:28,EXACT,
IFRS_LIFETIME_RULE_DATA,0,,EXACT,
IFRS_LIFETIME_RULE_DATA_S_00000_0000,0,,EXACT,
IFRS_LIFETIME_SCENARIO_DATA,0,,EXACT,
IFRS_LINREG_STATS,0,2025-10-20 22:00:17,EXACT,
IFRS_LINREG_VIF_DTL,0,2025-10-20 22:00:17,EXACT,
IFRS_LI_ACCT_CLOSED,0,2025-10-20 22:00:14,EXACT,
IFRS_LI_ACCT_COST_FEE,0,2025-10-20 22:00:14,EXACT,
IFRS_LI_ACCT_COST_FEE_SUMM,0,2025-10-20 22:00:14,EXACT,
IFRS_LI_ACCT_EIR_ACCRU_PREV,0,2025-10-20 22:00:14,EXACT,
IFRS_LI_ACCT_EIR_ACF,0,2025-10-20 22:00:14,EXACT,
IFRS_LI_ACCT_EIR_CF_ECF,0,2025-10-20 22:00:14,EXACT,
IFRS_LI_ACCT_EIR_CF_ECF1,0,2025-10-20 22:00:14,EXACT,
IFRS_LI_ACCT_EIR_COST_FEE_ECF,0,2025-10-20 22:00:14,EXACT,
IFRS_LI_ACCT_EIR_COST_FEE_PREV,0,2025-10-20 22:00:14,EXACT,
IFRS_LI_ACCT_EIR_ECF,0,2025-10-20 22:00:14,EXACT,
IFRS_LI_ACCT_EIR_ECF1,0,2025-10-20 22:00:15,EXACT,
IFRS_LI_ACCT_EIR_ECF2,0,2025-10-20 22:00:15,EXACT,
IFRS_LI_ACCT_EIR_ECF_NOCF,0,2025-10-20 22:00:15,EXACT,
IFRS_LI_ACCT_EIR_ECF_T2,0,2025-10-20 22:00:15,EXACT,
IFRS_LI_ACCT_EIR_FAILED_GS,0,2025-10-20 22:00:15,EXACT,
IFRS_LI_ACCT_EIR_FAILED_GS3,0,2025-10-20 22:00:15,EXACT,
IFRS_LI_ACCT_EIR_FAILED_GS4,0,2025-10-20 22:00:15,EXACT,
IFRS_LI_ACCT_EIR_GAIN_LOSS,0,2025-10-20 22:00:15,EXACT,
IFRS_LI_ACCT_EIR_GS_RESULT,0,2025-10-20 22:00:15,EXACT,
IFRS_LI_ACCT_EIR_GS_RESULT3,0,2025-10-20 22:00:15,EXACT,
IFRS_LI_ACCT_EIR_GS_RESULT4,0,2025-10-20 22:00:15,EXACT,
IFRS_LI_ACCT_EIR_PAYM,0,2025-10-20 22:00:15,EXACT,
IFRS_LI_ACCT_EIR_PAYM_GS,0,2025-10-20 22:00:15,EXACT,
IFRS_LI_ACCT_EIR_PAYM_GS_DATE,0,2025-10-20 22:00:15,EXACT,
IFRS_LI_ACCT_EIR_STOP_REV,0,2025-10-20 22:00:15,EXACT,
IFRS_LI_ACCT_JOURNAL_DATA,0,2025-10-20 22:00:15,EXACT,
IFRS_LI_ACCT_JOURNAL_INTM,0,2025-10-20 22:00:15,EXACT,
IFRS_LI_ACCT_JOURNAL_INTM_SUMM,0,2025-10-20 22:00:15,EXACT,
IFRS_LI_ACCT_NOCF,0,2025-10-20 22:00:15,EXACT,
IFRS_LI_ACCT_SL_ACCRU_PREV,0,2025-10-20 22:00:15,EXACT,
IFRS_LI_ACCT_SL_ACF,0,2025-10-20 22:00:15,EXACT,
IFRS_LI_ACCT_SL_CF_ECF,0,2025-10-20 22:00:15,EXACT,
IFRS_LI_ACCT_SL_COST_FEE_ECF,0,2025-10-20 22:00:15,EXACT,
IFRS_LI_ACCT_SL_COST_FEE_PREV,0,2025-10-20 22:00:15,EXACT,
IFRS_LI_ACCT_SL_ECF,0,2025-10-20 22:00:15,EXACT,
IFRS_LI_ACCT_SL_ECF1,0,2025-10-20 22:00:15,EXACT,
IFRS_LI_ACCT_SL_ECF2,0,2025-10-20 22:00:15,EXACT,
IFRS_LI_ACCT_SL_ECF_STOPPED,0,2025-10-20 22:00:15,EXACT,
IFRS_LI_ACCT_SL_STOP_REV,0,2025-10-20 22:00:15,EXACT,
IFRS_LI_ACCT_SWITCH,0,2025-10-20 22:00:16,EXACT,
IFRS_LI_ACF_SL_MSTR,0,2025-10-20 22:00:15,EXACT,
IFRS_LI_ACF_SL_MSTR_REV,0,2025-10-20 22:00:15,EXACT,
IFRS_LI_ACT_ECF_TMP,0,2025-10-20 22:00:15,EXACT,
IFRS_LI_AMORT_GL_OUTBOUND,0,2025-10-20 22:00:15,EXACT,
IFRS_LI_AMORT_LOG,0,2025-10-20 22:00:15,EXACT,
IFRS_LI_ARCHIVING_LOG,0,2025-10-20 22:00:15,EXACT,
IFRS_LI_BATCH_LOG_DETAILS,0,2025-10-20 22:00:16,EXACT,
IFRS_LI_CFID_JOURNAL_INTM_SUMM,0,2025-10-20 22:00:16,EXACT,
IFRS_LI_CHECK_AMORT,0,2025-10-20 22:00:16,EXACT,
IFRS_LI_CHECK_AMORT_NOCF,0,2025-10-20 22:00:16,EXACT,
IFRS_LI_EIR_ADJUSTMENT,0,2025-10-20 22:00:16,EXACT,
IFRS_LI_EVENT_CHANGES,0,2025-10-20 22:00:16,EXACT,
IFRS_LI_EVENT_CHANGES_DETAILS,0,2025-10-20 22:00:16,EXACT,
IFRS_LI_EXCEPTION_ACCOUNT,0,2025-10-20 22:00:16,EXACT,
IFRS_LI_EXCEPTION_DETAILS,0,2025-10-20 22:00:16,EXACT,
IFRS_LI_FUNDING_SCHD1,0,2025-10-20 22:00:16,EXACT,
IFRS_LI_FUNDING_SCHD2,0,2025-10-20 22:00:16,EXACT,
IFRS_LI_FUNDING_SUMM,0,2025-10-20 22:00:16,EXACT,
IFRS_LI_GS_DATE1,0,2025-10-20 22:00:16,EXACT,
IFRS_LI_GS_DATE2,0,2025-10-20 22:00:16,EXACT,
IFRS_LI_GS_MASTERID,0,2025-10-20 22:00:16,EXACT,
IFRS_LI_IMA_AMORT_CURR,0,2025-10-20 22:00:17,EXACT,
IFRS_LI_IMA_AMORT_PREV,0,2025-10-20 22:00:16,EXACT,
IFRS_LI_JOURNAL_PARAM,0,2025-10-20 22:00:16,EXACT,
IFRS_LI_LOAN_REPORT_RECON,0,2025-10-20 22:00:16,EXACT,
IFRS_LI_MASTER,0,2025-10-20 22:00:16,EXACT,
IFRS_LI_MASTER_ACCOUNT,0,2025-10-20 22:00:16,EXACT,
IFRS_LI_MASTER_EXCEPTION,0,2025-10-20 22:00:16,EXACT,
IFRS_LI_MASTER_PAYMENT_SETTING,0,2025-10-20 22:00:16,EXACT,
IFRS_LI_NOMINATIF_MONTHLY,0,2025-10-20 22:00:16,EXACT,
IFRS_LI_NOMINATIF_TRS,0,2025-10-20 22:00:16,EXACT,
IFRS_LI_PAYM_CORE,0,2025-10-20 22:00:16,EXACT,
IFRS_LI_PAYM_CORE_SRC,0,2025-10-20 22:00:17,EXACT,
IFRS_LI_PAYM_SCHD,0,2025-10-20 22:00:17,EXACT,
IFRS_LI_PAYM_SCHD_ALL,0,2025-10-20 22:00:17,EXACT,
IFRS_LI_PAYM_SCHD_MTM,0,2025-10-20 22:00:17,EXACT,
IFRS_LI_PRC_DATE_AMORT,0,2025-10-20 22:00:17,EXACT,
IFRS_LI_PRODUCT_PARAM,0,2025-10-20 22:00:17,EXACT,
IFRS_LI_RETENTION,0,2025-10-20 22:00:17,EXACT,
IFRS_LI_RETENTION_TEMP,0,2025-10-20 22:00:17,EXACT,
IFRS_LI_STAFF_BENEFIT_SUMM,0,2025-10-20 22:00:17,EXACT,
IFRS_LI_STG_MASTER_ACCOUNT,0,2025-10-20 22:00:17,EXACT,
IFRS_LI_STG_PAYM_SCHD,0,2025-10-20 22:00:17,EXACT,
IFRS_LI_STG_TRANSACTION_DAILY,0,2025-10-20 22:00:17,EXACT,
IFRS_LI_TRANSACTION_DAILY,0,2025-10-20 22:00:17,EXACT,
IFRS_LI_TRANSACTION_DAILY_REVERSAL,0,2025-10-20 22:00:17,EXACT,
IFRS_LI_TRANSACTION_PARAM,0,2025-10-20 22:00:17,EXACT,
IFRS_LOAN_REPORT_RECON,9,2026-01-01 22:00:18,EXACT,
IFRS_LOGS_PROCESS,1526,2025-10-20 22:00:28,EXACT,
IFRS_MACRO_ECONOMIC,0,2025-10-20 22:00:17,EXACT,
IFRS_MACRO_ECONOMIC_INTRPOLATE,0,2025-12-09 22:00:08,EXACT,
IFRS_MACRO_ECONOMIC_MODEL,0,2025-10-20 22:00:17,EXACT,
IFRS_MACRO_ECONOMIC_MODEL_PEND,0,2025-10-20 22:00:17,EXACT,
IFRS_MACRO_ECONOMIC_MODEL_TEMP,0,2025-10-20 22:00:17,EXACT,
IFRS_MAPPING_EXTERNAL_RATING,0,2025-10-20 22:00:17,EXACT,
IFRS_MARKET_INT_RATE,0,2025-10-20 22:00:17,EXACT,
IFRS_MASTER_ACCOUNT,6136,2026-04-05 14:01:51,EXACT,
IFRS_MASTER_ACCOUNT_1,0,,EXACT,
IFRS_MASTER_ACCOUNT_CLOSE,0,,EXACT,
IFRS_MASTER_ACCOUNT_EXT,0,2025-12-13 06:00:03,EXACT,
IFRS_MASTER_ACCOUNT_FINAL_SEGMENT,0,,EXACT,
IFRS_MASTER_ACCOUNT_INDV_DUMMY,0,,EXACT,
IFRS_MASTER_ACCOUNT_MONTHLY,350517,2026-01-01 22:00:23,EXACT,
IFRS_MASTER_ACCOUNT_MONTHLY_BACKUP,0,,EXACT,
IFRS_MASTER_ACCOUNT_MONTHLY_BKCP_2026,0,,EXACT,
IFRS_MASTER_ACCOUNT_MONTHLY_DEC_20260326,0,,EXACT,
IFRS_MASTER_ACCOUNT_MONTHLY_DEC_20260327,0,,EXACT,
IFRS_MASTER_ACCOUNT_MONTHLY_EXT,350517,2025-12-13 06:00:03,EXACT,
IFRS_MASTER_ACCOUNT_MONTHLY_HC_2020,0,,EXACT,
IFRS_MASTER_ACCOUNT_OLD,5,2026-01-01 22:00:18,EXACT,
IFRS_MASTER_ACCOUNT_S_00000_0000,5718,2026-01-06 03:40:19,EXACT,
IFRS_MASTER_ACCOUNT_WO,0,,EXACT,
IFRS_MASTER_BRANCH,0,2025-10-20 22:00:17,EXACT,
IFRS_MASTER_COLLATERAL_CORP,0,2025-10-20 22:00:17,EXACT,
IFRS_MASTER_CUSTOMER,0,2025-10-20 22:00:17,EXACT,
IFRS_MASTER_CUSTOMER_RATING,0,2025-10-20 22:00:17,EXACT,
IFRS_MASTER_EXCEPTION,0,2025-10-20 22:00:17,EXACT,
IFRS_MASTER_EXCHANGE_RATE,310,2025-10-20 22:00:25,EXACT,
IFRS_MASTER_EXTERNAL_RATING,0,2025-10-20 22:00:17,EXACT,
IFRS_MASTER_FLAG_COVID,0,2025-10-20 22:00:17,EXACT,
IFRS_MASTER_ID,140319,2025-12-16 22:00:28,EXACT,
IFRS_MASTER_INIT_CUST_GRADE,481,2025-10-20 22:00:26,EXACT,
IFRS_MASTER_JOURNAL_PARAM,664,2025-10-20 22:00:27,EXACT,
IFRS_MASTER_LIMIT,0,2025-10-20 22:00:17,EXACT,
IFRS_MASTER_LIMIT_CORP,0,2025-10-20 22:00:17,EXACT,
IFRS_MASTER_LIMIT_CORP_UPLOAD,0,2025-10-20 22:00:17,EXACT,
IFRS_MASTER_MARKETRATE_PARAM,0,2025-10-20 22:00:17,EXACT,
IFRS_MASTER_PARENT_LIMIT,0,2025-10-20 22:00:18,EXACT,
IFRS_MASTER_PAYMENT_SETTING,0,2025-10-20 22:00:17,EXACT,
IFRS_MASTER_PRODUCT_PARAM,535,2025-10-20 22:00:26,EXACT,
IFRS_MASTER_RESTRU_COLLECT,0,2025-10-20 22:00:17,EXACT,
IFRS_MASTER_RESTRU_COVID,0,2025-10-20 22:00:18,EXACT,
IFRS_MASTER_RESTRU_SIFAT,0,2025-10-20 22:00:18,EXACT,
IFRS_MASTER_SURVIVE,0,2025-10-20 22:00:18,EXACT,
IFRS_MASTER_TRANS_PARAM,206,2025-10-20 22:00:26,EXACT,
IFRS_MASTER_TREASURY,0,2025-10-20 22:00:18,EXACT,
IFRS_MASTER_WO,0,2025-12-22 22:00:03,EXACT,
IFRS_MASTER_WO_MB,0,2025-10-20 22:00:18,EXACT,
IFRS_MASTER_WO_OLD,32045,2025-10-20 22:00:30,EXACT,
IFRS_MASTER_WO_RECOVERY,8915,2025-10-20 22:00:28,EXACT,
IFRS_MEV_FORECAST,0,,EXACT,
IFRS_ME_COMPLETE,0,2025-10-20 22:00:18,EXACT,
IFRS_ME_COMPLETE_DERIVED,0,2025-10-20 22:00:18,EXACT,
IFRS_ME_DERIVED_VARIABLE,0,2025-10-20 22:00:18,EXACT,
IFRS_ME_DERIVED_VARIABLE_TEMP,0,2025-10-20 22:00:18,EXACT,
IFRS_ME_FL_SCALAR_ACTUAL_ODR,0,2025-10-20 22:00:18,EXACT,
IFRS_ME_FL_SCALAR_MODELLED_ODR,0,2025-10-20 22:00:18,EXACT,
IFRS_ME_FL_SCALAR_RESULT,0,2025-10-20 22:00:18,EXACT,
IFRS_ME_FL_SELECTED,0,2025-10-20 22:00:18,EXACT,
IFRS_ME_FORECAST,0,2025-10-20 22:00:18,EXACT,
IFRS_ME_FORECAST_DETAIL,0,2025-10-20 22:00:18,EXACT,
IFRS_ME_FORECAST_DETAIL_HIST,0,2025-10-20 22:00:18,EXACT,
IFRS_ME_FORECAST_DETAIL_PEND,0,2025-10-20 22:00:18,EXACT,
IFRS_ME_FORECAST_DETAIL_TEMP,0,2025-10-20 22:00:18,EXACT,
IFRS_ME_FORECAST_HIST,0,2025-10-20 22:00:18,EXACT,
IFRS_ME_FORECAST_PEND,0,2025-10-20 22:00:18,EXACT,
IFRS_ME_FORECAST_SCN,0,2025-12-09 22:00:08,EXACT,
IFRS_ME_FORECAST_TEMP,0,2025-10-20 22:00:18,EXACT,
IFRS_ME_MODEL_CORRELATION,0,2025-10-20 22:00:18,EXACT,
IFRS_ME_MODEL_SCENARIO,0,2025-10-20 22:00:18,EXACT,
IFRS_ME_MODEL_VARCLUS_SUMM,0,2025-10-20 22:00:18,EXACT,
IFRS_ME_SCALAR_DETAIL,0,2025-10-20 22:00:18,EXACT,
IFRS_ME_SCALAR_DETAIL_PENDING,0,2025-10-20 22:00:18,EXACT,
IFRS_ME_SCALAR_HEADER,0,2025-10-20 22:00:18,EXACT,
IFRS_ME_SCALAR_HEADER_PENDING,0,2025-10-20 22:00:18,EXACT,
IFRS_MIGRATION_CIF,0,2025-10-20 22:00:18,EXACT,
IFRS_MIGRATION_FACILITY_NUMBER,0,2025-10-20 22:00:18,EXACT,
IFRS_MODEL_FILTER_DTL,0,2025-10-20 22:00:18,EXACT,
IFRS_MPD_CHR_RESULT_YEARLY,375,2026-01-01 22:00:19,EXACT,
IFRS_MSTR_SEGMENT_RULES_DETAIL,325,2025-10-20 22:00:26,EXACT,
IFRS_MSTR_SEGMENT_RULES_HEADER,201,2025-12-19 22:00:13,EXACT,
IFRS_MULT_LINEAR_REGR_COEF,0,2025-10-20 22:00:18,EXACT,
IFRS_MULT_LINEAR_REGR_RESULT,0,2025-10-20 22:00:18,EXACT,
IFRS_MULT_LINEAR_REGR_RESULT_TEMP,0,2025-10-20 22:00:18,EXACT,
IFRS_MULT_LINEAR_REGR_STATS,0,2025-10-20 22:00:18,EXACT,
IFRS_NOMINATIF_MONTHLY,115759,2026-01-01 22:00:21,EXACT,
IFRS_NOMINATIF_TRS,0,2025-10-20 22:00:18,EXACT,
IFRS_OUTBOUND_FLAG,1,2025-10-20 22:00:25,EXACT,
IFRS_PATCH_LOAN_START_DUE_NULL,0,,EXACT,
IFRS_PAYM_CORE,258,2025-10-20 22:00:25,EXACT,
IFRS_PAYM_CORE_SRC,0,2025-10-20 22:00:18,EXACT,
IFRS_PAYM_SCHD,0,2025-10-20 22:00:18,EXACT,
IFRS_PAYM_SCHD_ALL,503,2025-10-20 22:00:27,EXACT,
IFRS_PAYM_SCHD_DWH_STG_NEW,0,,EXACT,
IFRS_PAYM_SCHD_DWH_STG_NEW_DVC,0,,EXACT,
IFRS_PAYM_SCHD_DWH_STG_NEW_JFAST,0,,EXACT,
IFRS_PAYM_SCHD_MTM,0,2025-10-20 22:00:18,EXACT,
IFRS_PD_CHR_BASE_DATA,21903,2025-10-20 22:00:29,EXACT,
IFRS_PD_CHR_DATA,10783,2025-10-20 22:00:28,EXACT,
IFRS_PD_CHR_GAMMA_PARAM,12,2026-01-01 22:00:18,EXACT,
IFRS_PD_CHR_RESULT_YEARLY,126,2026-01-01 22:00:18,EXACT,
IFRS_PD_CHR_SUMM,12,2026-01-01 22:00:18,EXACT,
IFRS_PD_EXTERNAL_MAPPING,0,2025-10-20 22:00:18,EXACT,
IFRS_PD_EXTERNAL_TREASURY,0,2025-10-20 22:00:18,EXACT,
IFRS_PD_FL_OVERRIDE,16805,2026-04-04 06:00:07,EXACT,
IFRS_PD_LINEST_SMOOTHING,0,2025-12-05 22:00:04,EXACT,
IFRS_PD_MAA_AVERAGE,138,2026-01-01 22:00:18,EXACT,
IFRS_PD_MAA_CORP_AVERAGE,256,2026-01-01 22:00:19,EXACT,
IFRS_PD_MAA_CORP_DETAIL,1108,2025-10-20 22:00:27,EXACT,
IFRS_PD_MAA_CORP_ENR,192,2026-01-01 22:00:18,EXACT,
IFRS_PD_MAA_CORP_EXTRAPOLATION,1900,2026-01-01 22:00:19,EXACT,
IFRS_PD_MAA_CORP_FITTED,32,2026-01-01 22:00:18,EXACT,
IFRS_PD_MAA_CORP_MMULT,6400,2026-01-01 22:00:19,EXACT,
IFRS_PD_MAA_CORP_RESULT,800,2026-01-01 22:00:19,EXACT,
IFRS_PD_MAA_ENR,0,2025-12-04 22:00:08,EXACT,
IFRS_PD_MAA_ENR_SUM,4,2025-12-11 22:00:04,EXACT,
IFRS_PD_MAA_ENR_SUM_S_00000_0000,0,2025-12-04 22:00:08,EXACT,
IFRS_PD_MAA_ENR_S_00000_0000,0,2025-12-05 22:00:04,EXACT,
IFRS_PD_MAA_FLOWRATE,349,2026-03-27 22:00:21,EXACT,
IFRS_PD_MAA_FLOWRATE_SMOOTH,0,2025-12-04 22:00:08,EXACT,
IFRS_PD_MAA_FLOWRATE_SMOOTH_S_00000_0000,0,2025-12-04 22:00:08,EXACT,
IFRS_PD_MAA_FLOWRATE_SUM,0,2025-12-04 22:00:08,EXACT,
IFRS_PD_MAA_FLOWRATE_SUM_S_00000_0000,0,2025-12-04 22:00:08,EXACT,
IFRS_PD_MAA_FLOWRATE_S_00000_0000,0,2025-12-04 22:00:08,EXACT,
IFRS_PD_MAA_MIGRATION_DETAIL,1270917,2025-12-03 22:01:13,EXACT,
IFRS_PD_MAA_MMULT,19954,2026-04-04 06:00:07,EXACT,
IFRS_PD_MAA_MMULT_MONTHLY,0,,EXACT,
IFRS_PD_MAA_ODR,723,2026-02-17 22:00:05,EXACT,
IFRS_PD_MAA_ODR_S_00000_0000,0,2025-12-05 22:00:04,EXACT,
IFRS_PD_MAA_RESULT,3200,2026-01-01 22:00:19,EXACT,
IFRS_PD_MASTERSCALE_CORP,0,2025-10-20 22:00:18,EXACT,
IFRS_PD_MIGRATION_DETAIL,0,,EXACT,
IFRS_PD_MMULT_FL,0,,EXACT,
IFRS_PD_MMULT_FL_MPD,0,,EXACT,
IFRS_PD_MMULT_FL_MPD2,0,,EXACT,
IFRS_PD_NFR_ENR,0,2025-10-20 22:00:18,EXACT,
IFRS_PD_NFR_FLOWRATE,0,2025-10-20 22:00:18,EXACT,
IFRS_PD_NFR_FLOWTOLOSS,0,2025-10-20 22:00:18,EXACT,
IFRS_PD_NFR_RESULT,20,2026-02-28 10:04:22,EXACT,
IFRS_PD_NORMDIST,0,,EXACT,
IFRS_PD_NORMINV,0,,EXACT,
IFRS_PD_RULES_CONFIG,36,2026-03-31 22:00:08,EXACT,
IFRS_PD_RULES_CONFIG_OLD,0,2025-12-05 22:00:04,EXACT,
IFRS_PD_RULES_CONFIG_S_00000_0000,0,,EXACT,
IFRS_PD_SCENARIO_DATA,207355,2025-10-20 22:00:38,EXACT,
IFRS_PD_SCENARIO_DATA_NOLAG,43795,2025-10-20 22:00:30,EXACT,
IFRS_PD_TERM_FL,0,,EXACT,
IFRS_PD_TERM_FL_WEIGHT,0,,EXACT,
IFRS_PD_TERM_STRUCTURE,4200,2025-12-11 22:00:13,EXACT,
IFRS_PD_TERM_STRUCTURE_NOFL,14420,2026-01-01 22:00:19,EXACT,
IFRS_PD_TERM_STRUCTURE_NOFL_IMP,0,2025-10-20 22:00:18,EXACT,
IFRS_PD_TERM_STRUCTURE_NOFL_YEARLY,1200,2026-01-01 22:00:19,EXACT,
IFRS_PD_TRANS_MATRIX_CONFIG,0,2025-10-20 22:00:18,EXACT,
IFRS_PD_VAS_MPD,0,,EXACT,
IFRS_PD_VAS_TTC,0,,EXACT,
IFRS_PD_VAS_ZSCORE,0,2025-12-09 22:00:08,EXACT,
IFRS_PD_ZFAC,0,2025-10-20 22:00:18,EXACT,
IFRS_PRC_DATE,1,2025-12-12 22:00:13,EXACT,
IFRS_PRC_DATE_AMORT,1,2025-10-20 22:00:25,EXACT,
IFRS_PRC_DATE_EIL,1,2025-10-20 22:00:25,EXACT,
IFRS_PRC_DATE_TEST,0,,EXACT,
IFRS_PREPAYMENT_OVERRIDE,0,2026-01-26 22:00:07,EXACT,
IFRS_PREPAYMENT_RULES_CONFIG,0,2026-01-26 22:00:07,EXACT,
IFRS_PRODUCT_PARAM,535,2025-10-20 22:00:27,EXACT,
IFRS_RECOVERY_CORP,0,2025-10-20 22:00:18,EXACT,
IFRS_RECOVERY_RATE_TREASURY,0,2025-10-20 22:00:18,EXACT,
IFRS_RECOVERY_SCENARIO_DATA,8913,2025-10-20 22:00:29,EXACT,
IFRS_RESULT_PREVIEW,2556,2025-12-09 22:00:34,EXACT,
IFRS_RUNNING_LOGS,659,2025-12-05 22:00:26,EXACT,
IFRS_R_ADF_TEST_DTL,0,2025-10-20 22:00:18,EXACT,
IFRS_R_TS_MODEL_ERROR,0,2025-10-20 22:00:18,EXACT,
IFRS_SBLC_PRORATE,0,2025-10-20 22:00:18,EXACT,
IFRS_SBLC_PRORATE_OLD,0,2025-10-20 22:00:18,EXACT,
IFRS_SCENARIO_DATA,0,,EXACT,
IFRS_SCENARIO_GENERATE_QUERY,48,2025-10-20 22:00:25,EXACT,
IFRS_SCENARIO_RULES_DETAIL,333,2025-10-20 22:00:27,EXACT,
IFRS_SCENARIO_RULES_HEADER,88,2025-10-20 22:00:25,EXACT,
IFRS_SCENARIO_SEGMENT_GENERATE_QUERY,193,2025-11-26 22:00:08,EXACT,
IFRS_SCRIPT_LOG,0,,EXACT,
IFRS_SEGMENTATION_MAPPING,8,2026-01-19 22:00:24,EXACT,
IFRS_SEGMENT_EXPOSURE,0,2025-10-20 22:00:18,EXACT,
IFRS_SEGMENT_LOANS,0,2025-10-20 22:00:18,EXACT,
IFRS_STAFF_BENEFIT_SUMM,0,2025-10-20 22:00:18,EXACT,
IFRS_STAGE,0,,EXACT,
IFRS_STAGE_CONFIG,0,,EXACT,
IFRS_STATISTIC,202286,2025-10-20 22:00:36,EXACT,
IFRS_STG_HOLIDAY,0,2025-10-20 22:00:18,EXACT,
IFRS_STG_MASTER_ACCOUNT,0,2025-12-12 22:00:08,EXACT,
IFRS_STG_MASTER_ACCOUNT_TRSBND,0,2025-10-20 22:00:18,EXACT,
IFRS_STG_MASTER_ACCOUNT_TRSFX,0,2025-10-20 22:00:18,EXACT,
IFRS_STG_MASTER_ACCOUNT_TRSMM,0,2025-10-20 22:00:18,EXACT,
IFRS_STG_MASTER_ACCOUNT_TRSNCD,0,2025-10-20 22:00:18,EXACT,
IFRS_STG_MASTER_ACCOUNT_TRSREP,0,2025-10-20 22:00:19,EXACT,
IFRS_STG_PAYM_SCHD,2300446,2025-10-20 22:00:41,EXACT,
IFRS_STG_TRANSACTION_DAILY,0,2025-10-20 22:00:19,EXACT,
IFRS_STG_TREASURY,0,2025-10-20 22:00:19,EXACT,
IFRS_TMP_PAYM_SCHD,0,2025-10-20 22:00:19,EXACT,
IFRS_TRANSACTION_DAILY,50014,2025-10-20 22:00:31,EXACT,
IFRS_TRANSACTION_PARAM,148,2025-10-20 22:00:25,EXACT,
IFRS_TRX_FACILITY,0,2025-10-20 22:00:19,EXACT,
IFRS_TRX_FACILITY_DETAIL,0,2025-10-20 22:00:19,EXACT,
IFRS_TRX_FACILITY_HEADER,0,2025-10-20 22:00:19,EXACT,
IFRS_TRX_FACILITY_HEADER_HIST,0,2025-10-20 22:00:19,EXACT,
IFRS_VARCLUS_CLUSTER_DTL,0,2025-10-20 22:00:19,EXACT,
IFRS_VARCLUS_CLUSTER_SUMM,0,2025-10-20 22:00:19,EXACT,
IFRS_WO_SCENARIO_DATA,28490,2025-10-20 22:00:30,EXACT,
IMA,15784,2025-10-20 22:00:29,EXACT,
IMATES,0,,EXACT,
IMATES2,0,,EXACT,
IMATES3,0,,EXACT,
IMATES4,0,,EXACT,
IMA_CURR_IMP,15784,2026-01-01 22:00:20,EXACT,
IMA_CUSTOMER,8213,2025-10-20 22:00:28,EXACT,
IMA_CUST_DPD,8213,2025-10-20 22:00:28,EXACT,
IMA_M_TEST,0,,EXACT,
IMPORT_ACRUE_MARGIN_MURABAHAH_202601,0,,EXACT,
IMPORT_DVC_FEB26,0,,EXACT,
IMPORT_DVC_JAN26,0,,EXACT,
IMPORT_HC_FEB26,0,,EXACT,
IMPORT_HC_JAN26,0,,EXACT,
IMPORT_IMBT_TUNGGAKAN_JAN26,0,,EXACT,
IMPORT_INDIVIDUAL,0,,EXACT,
IMPORT_LIST_INDIVIDUAL_JAN26,0,,EXACT,
IMPORT_MEV,0,,EXACT,
IMPORT_MEV_FORECAST,0,,EXACT,
IMPORT_MULTIJASA_DEC,0,,EXACT,
IMPORT_MULTIJASA_FEB26,0,,EXACT,
IMPORT_MULTIJASA_JAN26,0,,EXACT,
IMPORT_RESTRU_BENCANA_DES25,0,,EXACT,
IMPORT_TUNGGAKAN,0,,EXACT,
IMPORT_TUNGGAKAN_IJARAH,0,,EXACT,
IMPORT_TUNGGAKAN_NON_MURABAHAH_JAN26,0,,EXACT,
KREDITPEMBIAYAAN_HC,0,,EXACT,
LIST_NASABAH_RESTRU_20260327,0,,EXACT,
LIST_NASABAH_RESTRU_BENCANA,0,,EXACT,
LIST_NASABAH_RESTRU_FINAL,0,,EXACT,
LIST_WO_SKIP,0,2025-10-20 22:00:19,EXACT,
LOANPERDIVISI_ALL,0,,EXACT,
MASTER_EIR_CHANGE_BRANCH,0,2025-10-20 22:00:19,EXACT,
MAX_DD,1769,2025-10-20 22:00:27,EXACT,
MAX_DD_SB,45,2025-10-20 22:00:25,EXACT,
MAX_IMA_DATE,0,2025-10-20 22:00:19,EXACT,
MAX_PD,0,2025-10-20 22:00:19,EXACT,
MAX_PMAM_PRODUCT_TYPE,0,,EXACT,
MINUS_LIFETIME,0,2025-10-20 22:00:19,EXACT,
MIR,0,2025-10-20 22:00:19,EXACT,
NO_REKENING,0,,EXACT,
PAYM_SCHD_PPB,0,2025-10-20 22:00:19,EXACT,
PD_INIT,1456,2025-10-20 22:00:25,EXACT,
PMA1,0,,EXACT,
PRODUCT_SEGMENT_PSAK55,0,2025-10-20 22:00:19,EXACT,
PSAK_BUCKET_DETAIL,0,2025-11-25 22:00:08,EXACT,
PSAK_BUCKET_HEADER,0,2025-11-25 22:00:08,EXACT,
PSAK_LOGS_PROCESS,0,2025-11-25 22:00:08,EXACT,
PSAK_MASTER_ACCOUNT,0,,EXACT,
PSAK_MASTER_ACCOUNT_5055,0,,EXACT,
PSAK_MASTER_ACCOUNT_DPD_ORI,0,,EXACT,
PSAK_MASTER_ACCOUNT_LOAN_DATE,0,,EXACT,
PSAK_MASTER_ACCOUNT_MONTHLY,350517,2026-01-01 22:00:22,EXACT,
PSAK_PD_MAA_FLOWRATE,0,2025-11-25 22:00:08,EXACT,
PSAK_PD_RULES_CONFIG,0,2025-11-25 22:00:08,EXACT,
PSAK_PRC_DATE,1,2025-11-25 22:00:08,EXACT,
PSAK_RESULT_PREVIEW,0,2025-11-25 22:00:08,EXACT,
PSAK_RUNNING_LOGS,0,2025-11-25 22:00:08,EXACT,
SEGMENTATIONMAPPING,9,2025-12-15 22:00:10,EXACT,
STG_ADDINFO_AMORTIZE,0,2025-10-20 22:00:19,EXACT,
STG_CIF,0,2025-10-20 22:00:19,EXACT,
STG_N3L_UNDRAWN,0,2025-10-20 22:00:19,EXACT,
STG_PSAK71,100000,2025-10-20 22:00:33,EXACT,
STG_TRX_PSAK71,24,2025-10-20 22:00:26,EXACT,
STG_TRX_PSAK71_HISTORY,24,2025-10-20 22:00:25,EXACT,
STG_TRX_PSAK71_LOG,0,2025-10-20 22:00:19,EXACT,
STG_TRX_PSAK71_REV,0,2025-10-20 22:00:19,EXACT,
TABLECONVERT_COM,34,2026-03-09 22:00:04,EXACT,
TABLENYA_ADAM,1364403,2025-12-11 22:00:25,EXACT,
TBLM_APPROVALSETTING,0,2025-10-20 22:00:19,EXACT,
TBLM_BRANCHGROUPHEADER,0,2025-10-20 22:00:19,EXACT,
TBLM_COMMONCODEDETAIL,2848,2025-10-20 22:00:28,EXACT,
TBLM_COMMONCODEHEADER,479,2025-10-20 22:00:27,EXACT,
TBLM_CURRENCY,0,2025-10-20 22:00:19,EXACT,
TBLM_DOWNLOADDOCUMENT,0,2025-10-20 22:00:19,EXACT,
TBLM_DROPDOWNLIST,0,2025-10-20 22:00:19,EXACT,
TBLM_JOBSACTIVATOR,0,2025-10-20 22:00:19,EXACT,
TBLM_LOOKUP,0,2025-10-20 22:00:19,EXACT,
TBLM_MACRO_ECONOMIC,0,2025-10-20 22:00:19,EXACT,
TBLM_MAPPINGRULEDETAIL_NEW,0,2025-10-20 22:00:19,EXACT,
TBLM_MAPPINGRULEHEADER_NEW,0,2025-10-20 22:00:19,EXACT,
TBLM_MAPPING_RULE_SCREENGROUP,0,2025-10-20 22:00:19,EXACT,
TBLM_MAP_RULE_SCREENGROUP,0,2025-10-20 22:00:19,EXACT,
TBLM_MODULE,0,2025-10-20 22:00:19,EXACT,
TBLM_PERIOD,0,2025-10-20 22:00:19,EXACT,
TBLM_QUERYDATA,0,2025-10-20 22:00:19,EXACT,
TBLM_QUERYFIELDSETTINGS,0,2025-10-20 22:00:19,EXACT,
TBLM_QUERYPARAMETER,0,2025-10-20 22:00:19,EXACT,
TBLM_REPORTTO,0,2025-10-20 22:00:19,EXACT,
TBLM_SCREEN,0,2025-10-20 22:00:19,EXACT,
TBLM_SCREENGROUPDETAIL,0,2025-10-20 22:00:19,EXACT,
TBLM_SCREENGROUPHEADER,0,2025-10-20 22:00:19,EXACT,
TBLM_SCREEN_FAVORITE,0,2025-10-20 22:00:19,EXACT,
TBLM_SEQUENCE,0,2025-10-20 22:00:20,EXACT,
TBLM_USER,0,2025-10-20 22:00:20,EXACT,
TBLM_USERMODULE,0,2025-10-20 22:00:20,EXACT,
TBLS_DATASOURCE,0,2025-10-20 22:00:20,EXACT,
TBLS_GRIDCOLUMNS,0,2025-10-20 22:00:20,EXACT,
TBLS_GRIDHEADER,0,2025-10-20 22:00:20,EXACT,
TBLS_PIVOTCOLUMNS,0,2025-10-20 22:00:20,EXACT,
TBLS_PIVOTCOLUMNSPARAM,0,2025-10-20 22:00:20,EXACT,
TBLS_PIVOTHEADER,0,2025-10-20 22:00:20,EXACT,
TBLS_REPORTCOLUMNS,0,2025-10-20 22:00:20,EXACT,
TBLS_REPORTCOLUMNSPARAM,0,2025-10-20 22:00:20,EXACT,
TBLS_REPORTHEADER,0,2025-10-20 22:00:20,EXACT,
TBLT_ACTIVITYLOGS,0,2025-10-20 22:00:20,EXACT,
TBLT_APPLICATIONLOG,0,2025-10-20 22:00:20,EXACT,
TBLT_APPROVALDETAIL,0,2025-10-20 22:00:20,EXACT,
TBLT_APPROVALHEADER,0,2025-10-20 22:00:20,EXACT,
TBLT_AUDITTRAIL,0,2025-10-20 22:00:20,EXACT,
TBLT_DOWNLOADFILE,0,2025-10-20 22:00:20,EXACT,
TBLT_LOGEDINUSER,0,2025-10-20 22:00:20,EXACT,
TBLT_LOGONACTIVITIES,0,2025-10-20 22:00:20,EXACT,
TBLT_PASSWORDHISTORY,0,2025-10-20 22:00:20,EXACT,
TBLT_PAYMENTEXPECTED,19753,2026-01-01 22:00:20,EXACT,
TBLT_PAYMENTEXPECTEDH,0,2025-10-20 22:00:20,EXACT,
TBLT_PAYMENTEXPECTEDH_HIST,0,2025-10-20 22:00:20,EXACT,
TBLT_PAYMENTEXPECTEDH_PENDING,0,2025-10-20 22:00:20,EXACT,
TBLT_PAYMENTEXPECTEDH_TEMP,0,2025-10-20 22:00:20,EXACT,
TBLT_PAYMENTEXPECTEDMASTER,0,2025-10-20 22:00:20,EXACT,
TBLT_PAYMENTEXPECTED_HIST,0,2025-10-20 22:00:20,EXACT,
TBLT_PAYMENTEXPECTED_PENDING,0,2025-10-20 22:00:20,EXACT,
TBLT_PAYMENTEXPECTED_TEMP,0,2025-10-20 22:00:20,EXACT,
TBLT_SERVICEJOBSDETAIL,0,2025-10-20 22:00:20,EXACT,
TBLT_SERVICEJOBSHEADER,0,2025-10-20 22:00:20,EXACT,
TBLT_UNWINDING_WEIGHTED,0,2025-10-20 22:00:20,EXACT,
TBLT_UNWINDING_WEIGHTED_HIST,0,2025-10-20 22:00:20,EXACT,
TBLT_UNWINDING_WEIGHTED_PEND,0,2025-10-20 22:00:20,EXACT,
TBLT_UPLOAD_POOL,0,2025-10-20 22:00:20,EXACT,
TBLU_ASSET_CLASSIFICATION_CORP,0,2025-10-20 22:00:20,EXACT,
TBLU_BTB_ACCOUNT,0,2025-10-20 22:00:20,EXACT,
TBLU_CUSTOMER_GRADING,129056,2025-10-20 22:00:32,EXACT,
TBLU_DATA_TREASURY,0,2025-10-20 22:00:20,EXACT,
TBLU_DCF_DETAIL,0,2025-10-20 22:00:20,EXACT,
TBLU_DCF_INFO,0,2025-10-20 22:00:20,EXACT,
TBLU_DCF_MESSAGEERROR,0,2025-10-20 22:00:20,EXACT,
TBLU_DOC_TEMP_DETAIL,0,2025-10-20 22:00:20,EXACT,
TBLU_DOC_TEMP_EXCEPTION,0,2025-10-20 22:00:20,EXACT,
TBLU_DOC_TEMP_HEADER,0,2025-10-20 22:00:20,EXACT,
TBLU_EAD_CCF,0,2025-10-20 22:00:20,EXACT,
TBLU_EIR_TEMP,0,2025-10-20 22:00:20,EXACT,
TBLU_EXCLUSION,190675,2025-10-20 22:00:34,EXACT,
TBLU_EXCLUSION_CORP,1174,2025-10-20 22:00:27,EXACT,
TBLU_EXCLUSION_JENIUS,153134,2025-10-20 22:00:34,EXACT,
TBLU_EXCLUSION_MB,1835,2025-10-20 22:00:28,EXACT,
TBLU_EXCLUSION_MUR,19886,2025-10-20 22:00:29,EXACT,
TBLU_EXCLUSION_PUR,19842,2025-10-20 22:00:29,EXACT,
TBLU_EXTERNAL_RATING,436,2025-10-20 22:00:27,EXACT,
TBLU_FACILITY_FEECOST,0,2025-10-20 22:00:20,EXACT,
TBLU_FACILITY_FEECOST_HIST,0,2025-10-20 22:00:20,EXACT,
TBLU_FACILITY_FEECOST_PENDING,0,2025-10-20 22:00:20,EXACT,
TBLU_FACILITY_FEECOST_TEMP,0,2025-10-20 22:00:20,EXACT,
TBLU_FEECOST_INFO,0,2025-10-20 22:00:21,EXACT,
TBLU_FEECOST_MESSAGEERROR,0,2025-10-20 22:00:20,EXACT,
TBLU_IFRS_AMORT_FEECOST,0,2025-10-20 22:00:20,EXACT,
TBLU_IFRS_AMORT_FEECOST_HIST,0,2025-10-20 22:00:21,EXACT,
TBLU_IFRS_AMORT_FEECOST_PENDIN,0,2025-10-20 22:00:20,EXACT,
TBLU_IFRS_AMORT_FEECOST_TEMP,0,2025-10-20 22:00:21,EXACT,
TBLU_IFRS_CUSTOMER_RATING,10,2026-02-07 10:04:51,EXACT,
TBLU_IFRS_PDEXTERNAL,14,2026-02-14 14:08:02,EXACT,
TBLU_IFRS_PDEXTERNAL_tmp_SES-20260130-000000011,,2026-01-30 22:00:03,EXACT,"ORA-00942: table or view does not exist
Help: https://docs.oracle.com/error-help/db/ora-00942/"
TBLU_JUDGEMENT_RATING_TREASURY,0,2025-10-20 22:00:21,EXACT,
TBLU_LGD_EXTERNAL_RECOVERY,0,2025-10-20 22:00:21,EXACT,
TBLU_LGD_MASTER_RECOVERY,0,2025-10-20 22:00:21,EXACT,
TBLU_LIABILITIES_INFO,0,2025-10-20 22:00:21,EXACT,
TBLU_LIMIT_CORPORATE,0,2025-10-20 22:00:21,EXACT,
TBLU_MACRO_ECONOMIC_HIST,0,2025-10-20 22:00:21,EXACT,
TBLU_MACRO_ECONOMIC_INFO,0,2025-10-20 22:00:21,EXACT,
TBLU_MACRO_ECONOMIC_PENDING,0,2025-10-20 22:00:21,EXACT,
TBLU_MACRO_ECONOMIC_TEMP,0,2025-10-20 22:00:21,EXACT,
TBLU_MARKET_INT_RATE,0,2025-10-20 22:00:21,EXACT,
TBLU_ME_MESSAGEERROR,0,2025-10-20 22:00:21,EXACT,
TBLU_MOODYS_CORPORATE,0,2025-10-20 22:00:21,EXACT,
TBLU_MOODYS_SOVEREIGN,0,2025-10-20 22:00:21,EXACT,
TBLU_NOSTRO_SWIFTCODE,0,2025-10-20 22:00:21,EXACT,
TBLU_OVERRIDE_BICOLL_ACCOUNT,0,2025-10-20 22:00:21,EXACT,
TBLU_PD_EXTERNAL_PEFINDO,3225,2025-10-20 22:00:28,EXACT,
TBLU_PD_EXTERNAL_SNP,3150,2025-10-20 22:00:28,EXACT,
TBLU_PD_EXTERNAL_TREASURY,3445,2025-10-20 22:00:28,EXACT,
TBLU_PD_MASTERSCALE,572,2025-10-20 22:00:27,EXACT,
TBLU_PD_SNP_CORPORATE,0,2025-10-20 22:00:21,EXACT,
TBLU_PD_SNP_SOVEREIGN,0,2025-10-20 22:00:21,EXACT,
TBLU_RECOVERY,325,2025-10-20 22:00:27,EXACT,
TBLU_RECOVERY_CF,174860,2025-10-20 22:00:35,EXACT,
TBLU_RECOVERY_JENIUS,101667,2025-10-20 22:00:33,EXACT,
TBLU_RECOVERY_MB,440,2025-10-20 22:00:27,EXACT,
TBLU_RECOVERY_RATE_TREASURY,20,2025-10-20 22:00:26,EXACT,
TBLU_RESTRU_COVID,243944,2025-10-20 22:00:37,EXACT,
TBLU_RETAIL_EAD,0,2025-10-20 22:00:21,EXACT,
TBLU_RETAIL_LGD,0,2025-10-20 22:00:21,EXACT,
TBLU_RETAIL_PD,0,2025-10-20 22:00:21,EXACT,
TBLU_RETAIL_SEGMENT,0,2025-10-20 22:00:21,EXACT,
TBLU_SURVIVE_FLAG,90524,2025-10-20 22:00:31,EXACT,
TBLU_SYNDICATION_UNAMORT_ACCOUNT,0,2025-10-20 22:00:21,EXACT,
TBLU_TM_MOODYS,0,2025-10-20 22:00:21,EXACT,
TBLU_TRANS_ASSET,0,2025-10-20 22:00:21,EXACT,
TBLU_TRANS_ASSET_EX,0,2025-10-20 22:00:21,EXACT,
TBLU_TRANS_ASSET_HIST,0,2025-10-20 22:00:21,EXACT,
TBLU_TRANS_ASSET_PENDING,0,2025-10-20 22:00:21,EXACT,
TBLU_TRANS_ASSET_TEMP,0,2025-10-20 22:00:21,EXACT,
TBLU_TRANS_LIAB,0,2025-10-20 22:00:21,EXACT,
TBLU_TRANS_LIAB_HIST,0,2025-10-20 22:00:21,EXACT,
TBLU_TRANS_LIAB_MESSAGEERROR,0,2025-10-20 22:00:21,EXACT,
TBLU_TRANS_LIAB_PENDING,0,2025-10-20 22:00:21,EXACT,
TBLU_TRANS_LIAB_TEMP,0,2025-10-20 22:00:21,EXACT,
TBLU_UPLOAD_TRANS_ASSET,0,2025-10-20 22:00:21,EXACT,
TBLU_WO_CF,646623,2025-10-20 22:00:39,EXACT,
TBLU_WO_JENIUS,208893,2025-10-20 22:00:36,EXACT,
TBLU_WO_MB,640,2025-10-20 22:00:27,EXACT,
TEMP_CHECK_CNUM_AKAD,0,,EXACT,
TEMP_GETDATE,1,2025-10-20 22:00:26,EXACT,
TEMP_TFC,0,2025-10-20 22:00:21,EXACT,
TMPRULE,0,2025-12-19 22:00:02,EXACT,
TMP_ACCT,0,2025-10-20 22:00:21,EXACT,
TMP_ACRU,0,2025-10-20 22:00:21,EXACT,
TMP_ACRU2,0,2025-10-20 22:00:21,EXACT,
TMP_AP,0,2025-10-20 22:00:21,EXACT,
TMP_AVG_STDEV_ME,0,2025-12-09 22:00:08,EXACT,
TMP_B1,0,2025-10-20 22:00:21,EXACT,
TMP_B2,0,2025-10-20 22:00:21,EXACT,
TMP_B3,0,2025-10-20 22:00:21,EXACT,
TMP_BASE_MAA_MMULT,64,2026-01-01 22:00:18,EXACT,
TMP_CCF_RULES_CONFIG,5,2025-10-20 22:00:26,EXACT,
TMP_CFID1,0,2025-10-20 22:00:21,EXACT,
TMP_CFID2,0,2025-10-20 22:00:21,EXACT,
TMP_COUNT_BUCKET,7,2025-10-20 22:00:26,EXACT,
TMP_DM_LIMIT,0,2025-10-20 22:00:21,EXACT,
TMP_ECF_ACT,0,2025-10-20 22:00:21,EXACT,
TMP_ENR_CURR,0,2025-10-20 22:00:21,EXACT,
TMP_ENR_MAA_BASE,7,2025-10-20 22:00:26,EXACT,
TMP_EXTRAPOL,475,2026-01-01 22:00:19,EXACT,
TMP_GROUP_BUCKET,18,2025-10-20 22:00:26,EXACT,
TMP_GS1,1,2025-10-20 22:00:26,EXACT,
TMP_GS2,1,2025-10-20 22:00:26,EXACT,
TMP_GS3,0,2025-10-20 22:00:21,EXACT,
TMP_IFRS_1MEVLM_RESULT_DTL,0,2025-10-20 22:00:21,EXACT,
TMP_IFRS_ACCT_STOP_REV,0,2025-10-20 22:00:21,EXACT,
TMP_IFRS_BACKTEST_INS_BUCKET_D,0,2025-10-20 22:00:21,EXACT,
TMP_IFRS_BACKTEST_INS_BUCK_AVG,0,2025-10-20 22:00:21,EXACT,
TMP_IFRS_BACKTEST_INS_BUCK_STA,0,2025-10-20 22:00:21,EXACT,
TMP_IFRS_BACKTEST_INS_DTL,0,2025-10-20 22:00:21,EXACT,
TMP_IFRS_BACKTEST_INS_ME_DTL,0,2025-10-20 22:00:21,EXACT,
TMP_IFRS_BACKTEST_INS_PORTF_D,0,2025-10-20 22:00:21,EXACT,
TMP_IFRS_BACKTEST_INS_PORT_STA,0,2025-10-20 22:00:21,EXACT,
TMP_IFRS_BACKTEST_IN_SAMPLE,0,2025-10-20 22:00:21,EXACT,
TMP_IFRS_BACKTEST_OOS_BUCKET_D,0,2025-10-20 22:00:21,EXACT,
TMP_IFRS_BACKTEST_OOS_BUCK_AVG,0,2025-10-20 22:00:21,EXACT,
TMP_IFRS_BACKTEST_OOS_BUCK_STA,0,2025-10-20 22:00:21,EXACT,
TMP_IFRS_BACKTEST_OOS_DTL,0,2025-10-20 22:00:21,EXACT,
TMP_IFRS_BACKTEST_OOS_ME_DTL,0,2025-10-20 22:00:21,EXACT,
TMP_IFRS_BACKTEST_OOS_PORTF_D,0,2025-10-20 22:00:21,EXACT,
TMP_IFRS_BACKTEST_OOS_PORT_STA,0,2025-10-20 22:00:21,EXACT,
TMP_IFRS_BACKTEST_OUT_SAMPLE,0,2025-10-20 22:00:21,EXACT,
TMP_IFRS_DEPENDENT_VARIABLE,0,2025-10-20 22:00:21,EXACT,
TMP_IFRS_ECL_IMA,0,2025-12-19 22:00:02,EXACT,
TMP_IFRS_EIL_IMA,7,2026-01-01 22:00:18,EXACT,
TMP_IFRS_EIL_IMA_COVID,0,2025-10-20 22:00:21,EXACT,
TMP_IFRS_EIL_IMA_DUMMY,0,2025-10-20 22:00:21,EXACT,
TMP_IFRS_INDEPENDENT_VARIABLE,0,2025-10-20 22:00:21,EXACT,
TMP_IFRS_LINREG_STATS,0,2025-10-20 22:00:21,EXACT,
TMP_IFRS_LINREG_VIF_DTL,0,2025-10-20 22:00:21,EXACT,
TMP_IFRS_MACRO_ECONOMIC_MODEL,0,2025-10-20 22:00:22,EXACT,
TMP_IFRS_MASTER_ACCOUNT_PD,0,2025-12-17 22:00:09,EXACT,
TMP_IFRS_MASTER_ACCOUNT_PD_S_00000_0000,0,,EXACT,
TMP_IFRS_ME_DERIVED_VARIABLE,0,2025-10-20 22:00:22,EXACT,
TMP_IFRS_ME_MODEL_SCENARIO,0,2025-10-20 22:00:22,EXACT,
TMP_IFRS_MMULT_SEQ,0,,EXACT,
TMP_IFRS_MODEL_FILTER_CORTEST,0,2025-10-20 22:00:22,EXACT,
TMP_IFRS_MODEL_FILTER_DTL,0,2025-10-20 22:00:22,EXACT,
TMP_IFRS_MODEL_FILTER_DTL_FULL,0,2025-10-20 22:00:22,EXACT,
TMP_IFRS_MULT_LINEAR_REGR_COEF,0,2025-10-20 22:00:21,EXACT,
TMP_IFRS_MULT_LINEAR_REGR_RESU,0,2025-10-20 22:00:22,EXACT,
TMP_IFRS_MULT_LINEAR_REGR_RSLT,0,2025-10-20 22:00:22,EXACT,
TMP_IFRS_ODR_DATA,0,2025-10-20 22:00:21,EXACT,
TMP_IFRS_PD_CHR_BASE_DATA,0,2025-10-20 22:00:22,EXACT,
TMP_IFRS_PD_DEFAULT,0,,EXACT,
TMP_IFRS_PD_LIST_DATE,159,2025-10-20 22:00:26,EXACT,
TMP_IFRS_PD_MAA_CORP_DETAIL,0,2025-10-20 22:00:22,EXACT,
TMP_IFRS_PD_MAA_DETAIL,9718,2025-10-20 22:00:28,EXACT,
TMP_IFRS_PD_RUNNING_DATE,0,,EXACT,
TMP_IFRS_PD_SCENARIO_DATA,3,2025-10-20 22:00:26,EXACT,
TMP_IFRS_PD_SCENARIO_DATA_NOLAG,0,2025-10-20 22:00:22,EXACT,
TMP_IFRS_PD_SCENARIO_PREV,0,,EXACT,
TMP_IFRS_PD_WO,0,,EXACT,
TMP_IFRS_R_ADF_TEST_DTL,0,2025-10-20 22:00:22,EXACT,
TMP_IFRS_R_ADF_TEST_TS_DTL,0,2025-10-20 22:00:22,EXACT,
TMP_IFRS_R_ARIMA_MODEL_COEFF,0,2025-10-20 22:00:22,EXACT,
TMP_IFRS_R_ARIMA_MODEL_FCST,0,2025-10-20 22:00:22,EXACT,
TMP_IFRS_R_ARIMA_MODEL_STATS,0,2025-10-20 22:00:22,EXACT,
TMP_IFRS_R_TIMESERIES_MODEL,0,2025-10-20 22:00:22,EXACT,
TMP_IFRS_R_TIMESERIES_MODEL_ERROR,0,2025-10-20 22:00:22,EXACT,
TMP_IFRS_R_TS_MODEL_ERROR,0,2025-10-20 22:00:22,EXACT,
TMP_IFRS_SCN_GENERATE_QUERY,0,2025-12-04 22:00:08,EXACT,
TMP_IFRS_SCN_GENERATE_QUERY_S_00000_0000,0,,EXACT,
TMP_IFRS_VARCLUS_CLUSTER_DTL,0,2025-10-20 22:00:22,EXACT,
TMP_IFRS_VARCLUS_CLUSTER_SUMM,0,2025-10-20 22:00:22,EXACT,
TMP_IFRS_ZFAC_RESULT_DTL,0,2025-10-20 22:00:22,EXACT,
TMP_IMA,0,,EXACT,
TMP_IMA_SEGMENT,0,,EXACT,
TMP_IMA_SEGMENT2,0,,EXACT,
TMP_JOURNAL,0,2025-10-20 22:00:22,EXACT,
TMP_JOURNAL_PARAM,128,2025-10-20 22:00:26,EXACT,
TMP_JRNL1,0,2025-10-20 22:00:22,EXACT,
TMP_LAST_EIR_CF_PREV,0,2025-10-20 22:00:22,EXACT,
TMP_LAST_PAYM_DATE,100000,2025-10-20 22:00:29,EXACT,
TMP_LGD,0,2025-10-20 22:00:22,EXACT,
TMP_LI_ACCT,0,2025-10-20 22:00:22,EXACT,
TMP_LI_AP,0,2025-10-20 22:00:22,EXACT,
TMP_LI_B1,0,2025-10-20 22:00:22,EXACT,
TMP_LI_B2,0,2025-10-20 22:00:22,EXACT,
TMP_LI_B3,0,2025-10-20 22:00:22,EXACT,
TMP_LI_CFID1,0,2025-10-20 22:00:22,EXACT,
TMP_LI_CFID2,0,2025-10-20 22:00:22,EXACT,
TMP_LI_ECF_ACT,0,2025-10-20 22:00:22,EXACT,
TMP_LI_GS1,0,2025-10-20 22:00:22,EXACT,
TMP_LI_GS2,0,2025-10-20 22:00:22,EXACT,
TMP_LI_GS3,0,2025-10-20 22:00:22,EXACT,
TMP_LI_JOURNAL,0,2025-10-20 22:00:22,EXACT,
TMP_LI_JOURNAL_PARAM,0,2025-10-20 22:00:22,EXACT,
TMP_LI_JRNL1,0,2025-10-20 22:00:22,EXACT,
TMP_LI_LOAN_REPORT,0,2025-10-20 22:00:22,EXACT,
TMP_LI_LOAN_REPORT_RECON,0,2025-10-20 22:00:22,EXACT,
TMP_LI_NOCF,0,2025-10-20 22:00:22,EXACT,
TMP_LI_P1,0,2025-10-20 22:00:22,EXACT,
TMP_LI_PAYM_FUNDING,0,2025-10-20 22:00:22,EXACT,
TMP_LI_PY0,0,2025-10-20 22:00:22,EXACT,
TMP_LI_PY1,0,2025-10-20 22:00:22,EXACT,
TMP_LI_PY2,0,2025-10-20 22:00:22,EXACT,
TMP_LI_PY3,0,2025-10-20 22:00:22,EXACT,
TMP_LI_PY4,0,2025-10-20 22:00:22,EXACT,
TMP_LI_PY5,0,2025-10-20 22:00:22,EXACT,
TMP_LI_SCHD,0,2025-10-20 22:00:22,EXACT,
TMP_LI_SCHEDULE_CURR,0,2025-10-20 22:00:22,EXACT,
TMP_LI_SCHEDULE_CURR_HIST,0,2025-10-20 22:00:22,EXACT,
TMP_LI_SCHEDULE_CURR_MTM_HIST,0,2025-10-20 22:00:22,EXACT,
TMP_LI_SCHEDULE_MAIN,0,2025-10-20 22:00:22,EXACT,
TMP_LI_SCHEDULE_MAIN_MTM,0,2025-10-20 22:00:22,EXACT,
TMP_LI_SCHEDULE_PREV,0,2025-10-20 22:00:22,EXACT,
TMP_LI_SCHEDULE_PREV_HIST,0,2025-10-20 22:00:22,EXACT,
TMP_LI_SCHEDULE_PREV_MTM_HIST,0,2025-10-20 22:00:22,EXACT,
TMP_LI_SCH_MAX,0,2025-10-20 22:00:22,EXACT,
TMP_LI_SW0,0,2025-10-20 22:00:22,EXACT,
TMP_LI_SW1,0,2025-10-20 22:00:22,EXACT,
TMP_LI_SWSL1,0,2025-10-20 22:00:22,EXACT,
TMP_LI_T1,0,2025-10-20 22:00:22,EXACT,
TMP_LI_T10,0,2025-10-20 22:00:22,EXACT,
TMP_LI_T11,0,2025-10-20 22:00:22,EXACT,
TMP_LI_T12,0,2025-10-20 22:00:22,EXACT,
TMP_LI_T13,0,2025-10-20 22:00:22,EXACT,
TMP_LI_T14,0,2025-10-20 22:00:22,EXACT,
TMP_LI_T2,0,2025-10-20 22:00:22,EXACT,
TMP_LI_T3,0,2025-10-20 22:00:22,EXACT,
TMP_LI_T5,0,2025-10-20 22:00:22,EXACT,
TMP_LI_T6,0,2025-10-20 22:00:22,EXACT,
TMP_LI_T7,0,2025-10-20 22:00:22,EXACT,
TMP_LI_T8,0,2025-10-20 22:00:23,EXACT,
TMP_LI_T9,0,2025-10-20 22:00:22,EXACT,
TMP_LI_TC,0,2025-10-20 22:00:23,EXACT,
TMP_LI_TF,0,2025-10-20 22:00:23,EXACT,
TMP_LI_U1,0,2025-10-20 22:00:23,EXACT,
TMP_LI_X,0,2025-10-20 22:00:23,EXACT,
TMP_LI_X1,0,2025-10-20 22:00:23,EXACT,
TMP_LI_X2,0,2025-10-20 22:00:23,EXACT,
TMP_LOAN_REPORT,0,2025-10-20 22:00:23,EXACT,
TMP_LOAN_REPORT_RECON,0,2025-10-20 22:00:23,EXACT,
TMP_LOGIT_ODR,0,2025-12-05 22:00:28,EXACT,
TMP_LOGIT_ODR_S_00000_0000,0,2025-12-04 22:00:08,EXACT,
TMP_M,0,2025-10-20 22:00:23,EXACT,
TMP_M0,0,2025-10-20 22:00:23,EXACT,
TMP_M2,0,2025-10-20 22:00:23,EXACT,
TMP_MARKETRATE,0,2025-10-20 22:00:23,EXACT,
TMP_MEV,0,2025-12-09 22:00:08,EXACT,
TMP_MMULT_MAX_BUCKET,1600,2025-10-20 22:00:27,EXACT,
TMP_MX,0,2025-10-20 22:00:23,EXACT,
TMP_NOCF,0,2025-10-20 22:00:23,EXACT,
TMP_P1,0,2025-10-20 22:00:23,EXACT,
TMP_PAYM_FUNDING,0,2025-10-20 22:00:23,EXACT,
TMP_PD,0,2025-12-11 22:00:04,EXACT,
TMP_PD_BASE,0,2025-12-05 22:00:28,EXACT,
TMP_PD_BASE_S_00000_0000,0,2025-12-04 22:00:08,EXACT,
TMP_PD_BUCKET,0,2025-12-04 22:00:08,EXACT,
TMP_PD_CLOSE,0,,EXACT,
TMP_PD_DATE_RUN,0,,EXACT,
TMP_PD_DATE_RUN_S_00000_0000,0,,EXACT,
TMP_PD_DEFAULT_CLOSE,0,,EXACT,
TMP_PD_RESULT,0,2025-12-04 22:00:08,EXACT,
TMP_PD_RESULT_S_00000_0000,0,2025-12-04 22:00:08,EXACT,
TMP_PD_TOTAL,0,2025-12-04 22:00:08,EXACT,
TMP_PD_VAS_ZSCORE1,0,2025-12-09 22:00:08,EXACT,
TMP_PY0,0,2025-10-20 22:00:23,EXACT,
TMP_PY1,0,2025-10-20 22:00:23,EXACT,
TMP_PY2,0,2025-10-20 22:00:23,EXACT,
TMP_PY3,0,2025-10-20 22:00:23,EXACT,
TMP_PY4,0,2025-10-20 22:00:23,EXACT,
TMP_PY5,0,2025-10-20 22:00:23,EXACT,
TMP_QRY,64,2025-10-20 22:00:26,EXACT,
TMP_REV_PAIR,0,2025-10-20 22:00:23,EXACT,
TMP_REV_PAIR2,0,2025-10-20 22:00:23,EXACT,
TMP_SCENARIO_DATA,0,,EXACT,
TMP_SCHD,0,2025-10-20 22:00:23,EXACT,
TMP_SCHD1,0,2025-10-20 22:00:23,EXACT,
TMP_SCHD2,0,2025-10-20 22:00:23,EXACT,
TMP_SCHEDULE_CURR,0,2025-10-20 22:00:23,EXACT,
TMP_SCHEDULE_CURR_HIST,0,2025-10-20 22:00:23,EXACT,
TMP_SCHEDULE_CURR_MTM_HIST,0,2025-10-20 22:00:23,EXACT,
TMP_SCHEDULE_MAIN,0,2025-10-20 22:00:23,EXACT,
TMP_SCHEDULE_MAIN_MTM,0,2025-10-20 22:00:23,EXACT,
TMP_SCHEDULE_PREV,0,2025-10-20 22:00:23,EXACT,
TMP_SCHEDULE_PREV_HIST,0,2025-10-20 22:00:23,EXACT,
TMP_SCHEDULE_PREV_MTM_HIST,0,2025-10-20 22:00:23,EXACT,
TMP_SCH_MAX,0,2025-10-20 22:00:23,EXACT,
TMP_SMOOTH,0,2025-12-05 22:00:28,EXACT,
TMP_SMOOTHING_BASE,0,2025-12-05 22:00:28,EXACT,
TMP_SMOOTHING_BASE_S_00000_0000,0,2025-12-04 22:00:08,EXACT,
TMP_SMOOTH_S_00000_0000,0,2025-12-04 22:00:08,EXACT,
TMP_STG_CIF_IFTH,0,2025-10-20 22:00:23,EXACT,
TMP_STG_N3L_UNDRAWN,0,2025-10-20 22:00:23,EXACT,
TMP_SW0,0,2025-10-20 22:00:23,EXACT,
TMP_SW1,0,2025-10-20 22:00:23,EXACT,
TMP_SWSL1,0,2025-10-20 22:00:23,EXACT,
TMP_T1,0,2025-10-20 22:00:23,EXACT,
TMP_T10,0,2025-10-20 22:00:23,EXACT,
TMP_T11,0,2025-10-20 22:00:23,EXACT,
TMP_T12,0,2025-10-20 22:00:23,EXACT,
TMP_T13,0,2025-10-20 22:00:23,EXACT,
TMP_T14,0,2025-10-20 22:00:23,EXACT,
TMP_T2,0,2025-10-20 22:00:23,EXACT,
TMP_T3,0,2025-10-20 22:00:23,EXACT,
TMP_T5,0,2025-10-20 22:00:23,EXACT,
TMP_T6,0,2025-10-20 22:00:23,EXACT,
TMP_T7,0,2025-10-20 22:00:23,EXACT,
TMP_T8,0,2025-10-20 22:00:23,EXACT,
TMP_T9,0,2025-10-20 22:00:23,EXACT,
TMP_TBLM_COMMONCODEHEADER,0,2025-10-20 22:00:23,EXACT,
TMP_TC,0,2025-10-20 22:00:23,EXACT,
TMP_TF,0,2025-10-20 22:00:23,EXACT,
TMP_TMP_LISTDATE,1,2025-10-20 22:00:26,EXACT,
TMP_TODAYREV,0,2025-10-20 22:00:23,EXACT,
TMP_TRANS,0,2025-10-20 22:00:23,EXACT,
TMP_U1,0,2025-10-20 22:00:23,EXACT,
TMP_X,0,2025-10-20 22:00:23,EXACT,
TMP_X1,0,2025-10-20 22:00:23,EXACT,
TMP_X2,0,2025-10-20 22:00:23,EXACT,
TMP_YEST_UNAMORT,0,2025-10-20 22:00:23,EXACT,
T_TRN_LOAN_VALUATION,0,2025-10-20 22:00:19,EXACT,
UPDATE_TMP_IFRS_EIL_IMA,8,2025-10-20 22:00:26,EXACT,
X1,0,,EXACT,
XIFRS_LGD_RULES_CONFIG,0,,EXACT,
XIFRS_LIFETIME_RULES_CONFIG,0,2025-10-20 22:00:18,EXACT,
XIFRS_PD_MMULT_FL_MPD,0,,EXACT,
XIFRS_PD_NORMINV,0,,EXACT,
XIFRS_PD_RULES_CONFIG,1,2025-12-09 22:00:08,EXACT,
XIFRS_PD_TERM_STRUCTURE,0,,EXACT,
XPD,0,,EXACT,
XTESOPD,0,,EXACT,
XTESOPD2,0,,EXACT,
X_CEK1,0,,EXACT,
X_CEK2,0,,EXACT,
X_CIF_DOUBLE,0,,EXACT,
X_CKPN_PMA_BSI_OLD,0,,EXACT,
X_GRIYA_OTO_PATCH,0,,EXACT,
X_IFRS_CHECK_SEGMENT,0,,EXACT,
X_IFRS_IMADEFCEK,0,,EXACT,
X_IFRS_IMA_SEGMENT_20260306,0,,EXACT,
X_IFRS_LGD_RESULT,0,,EXACT,
X_IFRS_LGD_UR_DETAIL3,0,,EXACT,
X_IFRS_LGD_UR_HEADER3,0,,EXACT,
X_IFRS_LGD_UR_REC_DETAIL3,0,,EXACT,
X_IFRS_MASTER_ACCOUNT_BACKUP_DIVION_CODE_HC_20260131,0,,EXACT,
X_IFRS_MASTER_ACCOUNT_MONTHLY_BKCP_SEGMENT,0,,EXACT,
X_IFRS_MASTER_ACCOUNT_MONTHLY_SHU,57215,2026-01-01 22:00:22,EXACT,
X_IFRS_MASTER_ACCOUNT_SHU,5718,2026-01-01 22:00:20,EXACT,
X_IFRS_MASTER_ID_BACKUP,0,,EXACT,
X_IFRS_PDMIGCEK,0,,EXACT,
X_IFRS_PD_MAA_MMULT,0,,EXACT,
X_IFRS_PD_TERM_STRUCTURE_20260316,0,,EXACT,
X_IFRS_PRCDATE,0,,EXACT,
X_IFRS_SEGMENT,0,,EXACT,
X_IMACEK1,0,,EXACT,
X_IMACEK2,0,,EXACT,
X_IMACEKDPDORI,0,,EXACT,
X_IMAHCDPD,0,,EXACT,
X_IMAM,0,,EXACT,
X_IMAM_ADAM_CHECK_DATE,0,,EXACT,
X_IMAM_ADAM_CHECK_DATE_1,0,,EXACT,
X_IMAM_DIVISION_2020,0,,EXACT,
X_IMAM_EXT,0,,EXACT,
X_IMAM_MAX_DT,0,,EXACT,
X_IMAM_PATCH,0,,EXACT,
X_IMASEG1,0,,EXACT,
X_IMA_CEK_SEGMENT_DOUBLE,0,,EXACT,
X_IMA_DPDNULL,0,,EXACT,
X_IMA_LOANDATE,0,,EXACT,
X_IMA_NONPAYM,0,,EXACT,
X_IMA_OS,0,,EXACT,
X_IMA_PD_DIFF,0,,EXACT,
X_IMA_SEGMENT,0,,EXACT,
X_PSAK_DPD_CIF,0,,EXACT,
X_PSAK_DPD_CIF_1,0,,EXACT,
X_PSAK_MASTER_ACCOUNT_MONTHLY_DPD,0,,EXACT,
X_TMP_GCN_CNUM,0,,EXACT,
